{"version":4,"hash":{"type":"Buffer","data":"ZzdmWzSumGt8/B/6SppkUIMU9WDuQJbVKK/i+LgdGj0botZpzvwykyIcTICI0be1M6SjvFyBSyBDdkgYrC01uJ9SqeKyV1wntASWsn5Gw8CxCfjlZpoQNu6bD20KcfVgl2Y3i7X+61kUHYNJLIZFTg/dU0HX4ljPzOPGqR662mk="},"indexValueMap":{"bUMj6MySyzwjGPEs2Av1dfP6gzC0dz8RLJdBoVdwljs=":{"valueMac":{"type":"Buffer","data":"pudWv5xbwuLEx+ahnRZE+XtAwRHjpiEJ88pZX3Pjlew="}},"JnBd6sHVoJCSO0W9pmPeNw9kqNMLWQJwklhSdJB7k94=":{"valueMac":{"type":"Buffer","data":"XdBjpHSQ1IoOLUkJP9c8fYzlD2oMPZV3flnN4IuwRQ8="}},"Usy2coMjglj65+XTHDigfrb/q1CNwkSGK42UXqs1Rz4=":{"valueMac":{"type":"Buffer","data":"K7CjdUJ9x033SltPs2Kenwpk3tEXpF5p/ej4sXqdtU4="}},"VAEV1HJaMO+2vzJ/TC8A3zji9kkjQ6nDqfLQ2YgwF7I=":{"valueMac":{"type":"Buffer","data":"Aux9f3fqoKqN78eGMig5QClIxmUIJZXvYTP/CCMtv/g="}},"CQmj+85wWeht8FYHolVBWwxxeih5aIdU+sdHFHfJ2r8=":{"valueMac":{"type":"Buffer","data":"zekCtIlCaI6R4vQwOgt13t4o6NHvK6dgvbILKW0G5Ro="}},"+N0ZAg9X2WV+Q+IfGVWBnK8j4ihKc71MGqP9UakA5lI=":{"valueMac":{"type":"Buffer","data":"DRJ0FRfJvo7Ad0IJX9VcgN4dIBT+y3D/NNjqoHArnGg="}},"UTgWUR2pZ6JgLa2XNMavVNO44AJ7Knx6u1AnCweVZ38=":{"valueMac":{"type":"Buffer","data":"ODbGLHYU7aPHf/g9sB0F4YcZwJPmJQvSHKmse4tAC44="}},"yHkXLRpqtStCTYV2IRlPat7ilOxYZ9ehHE5oXanDw0E=":{"valueMac":{"type":"Buffer","data":"eX/Y/HjjdfEplWaSr8+fEOpefjB114ZbJ9oAU1rFMWw="}},"1ztc8jrxFD2S6W6QwxfmEBF9QF5vzOJfrT81KmRBboU=":{"valueMac":{"type":"Buffer","data":"pKgt9EKCD2EnvwQPes5U4qjC2W45bst7SiAGPEFWBjY="}},"Ddq6AfTRj8C/Ze6kHMy24fC4Hvl/5Scdip9ccsc4nAE=":{"valueMac":{"type":"Buffer","data":"IwNDjCWadV+EdFMSmX4a578DdPwhvsQMD+YE0qmF2UE="}},"4gVKYwiwRTbx6AOOoNMsiH5y1cBmw6TJwXWsNqB84is=":{"valueMac":{"type":"Buffer","data":"po8/vrxk2EVMvtYr6uw+pMy9ezS3k+wuvicyX6hUd/Q="}},"XhwsYmDRgztdSzMkprCALjvdBouUgNFyL3XllMBREuc=":{"valueMac":{"type":"Buffer","data":"+0xpr1+qguJpu6AH6S4cnxzafdOtU/MQrMIZqBGNCyc="}},"Xc5qHA+iR/a6YzQwCbKD0yDBvCbMDxnMwllZnel4E5s=":{"valueMac":{"type":"Buffer","data":"xSM8b+V2PXTPRYA90J66HcHe+iEkdZewmWdLb1eYGuw="}},"jbBuHA5JZRZ/87YK/mM8T3EkPxayXiQIQ6EjO6++k4M=":{"valueMac":{"type":"Buffer","data":"6ypHc0rgK/MYn/NwZbhngWUgHmrSYW7/y3Pz14HiHsU="}},"gUMRldODwfz6hTV1oxYoIea2PAaSQj7wE7cPP276In4=":{"valueMac":{"type":"Buffer","data":"WwSZ00kKh1/rfvw2ER/a3xCWe/OETe7I9DcxG0t2WYU="}},"lSM6XqRzdrRPJQzcQHQqCrwmmDVtKDPKNFLSsM0k03M=":{"valueMac":{"type":"Buffer","data":"oAH+cu6iPxb0T9zQ4LqxqJ7x5yohi5yZoqtX+MdRGNc="}},"mF+LFad3h1MgDqse3oUIC3hPr46Q6vdeR1YuTJ7jwc4=":{"valueMac":{"type":"Buffer","data":"/dIjDFyPjH884ZTir2WXk2zIT6TQmHLQjgakqPtFKd0="}},"uOEg6FjsgzJONxtzvklBw+OuUc5D7ldrFewCvsLd/d4=":{"valueMac":{"type":"Buffer","data":"WsWa1BqG4Tagyvz1f+pnwv/IBNpGcys8f2e2CIdggdw="}},"9oqwSGjROk8ekG+o/Z1ehygLz0ppk9wjv9rlKxTrkQM=":{"valueMac":{"type":"Buffer","data":"f0Sscki/kIJUkzOFiMlOjJR7RYS+upllJ6I0Ek1Fh6c="}}}}