{"version":5,"hash":{"type":"Buffer","data":"FGnqJmjenmATDfob4tgw+D/KMq2kbNkA69IWtOdhnu5nWqU+oYYtJQl35KILE3+IBRKRORXIy4wg+iS3dzmy5R9EMo9Y2oFGScD3b2b1vKSDT6jP9HQZYwc2GJmdcSTF93Wzjy7K49WGtkrTjaAFqmHOXkX6x43+dGUeJYPjhaI="},"indexValueMap":{"pp1LTPv0nmCmWY0FLi+sJJIBb9Hvi5W+PT/2UePpwnc=":{"valueMac":{"type":"Buffer","data":"1Y28AUvYE/fI0zEhilr/8SJqBxfvCtBjb+A/8qKz0nw="}},"O/4RVCd/+KiCnh/gvrNyVyZTgQLaDYFLNEJQZPf1r5M=":{"valueMac":{"type":"Buffer","data":"Q5/lOFTvrP4whFXrfXhLL+UIau621cO+1653T3sCzuE="}},"CiDXKNnf14PcS4sV9WH3in5iIhTIlWcXpEVTFabvZvg=":{"valueMac":{"type":"Buffer","data":"LPuXgpOXQFifuP4FHOXtItkCNpOTcsvkMliGS9wg4VI="}},"kqQEheuL4ou9m0IOYs87a13Mky4cQpwYUuz3dLtkWc0=":{"valueMac":{"type":"Buffer","data":"Y52UKlEyku2h2HHwz1Tf/WJUVuhsmjUK5LnpiCwLfTg="}},"4Dkt3VsFnDlUZQPx+HxKrPolk+MhGdxTrYOZhE14RUE=":{"valueMac":{"type":"Buffer","data":"fEXllvryqUYjziVDSwJ0MnQwrEI1RyiQoapgTudgTFM="}},"wv546WOb7IAxhUUhJlP3W6Qndgli2Qb908r6zNflnwI=":{"valueMac":{"type":"Buffer","data":"0Qp8+m5JOFIlsUoHUtHKL1165p5yj/9MW8xV9FJLAeE="}}}}