{"noiseKey":{"private":{"type":"Buffer","data":"8APKD0+OyzIxWhJ9hKJ+W5UksABHqMd9EKHhh45kbHk="},"public":{"type":"Buffer","data":"TRQhaEXiN6URfRe2rhl8Pv634QLF6XcrlHtFUNfsKHY="}},"pairingEphemeralKeyPair":{"private":{"type":"Buffer","data":"iIAWCDPbLrB6SfNkYjVGJZlM9FhYxMzFPRk1F1CWYH8="},"public":{"type":"Buffer","data":"e/+W1hMu0kr9q1cjyCX/8c2ak6UjK7/DWAxjbyPMKDQ="}},"signedIdentityKey":{"private":{"type":"Buffer","data":"cP9QbCPdQLDyHUfsHRWS8UCleJcU4Zhh38W57a4pQmU="},"public":{"type":"Buffer","data":"+11lDkPZENiA1Cd4/HwUZwHeumb87txvHiFTofjBamY="}},"signedPreKey":{"keyPair":{"private":{"type":"Buffer","data":"uOJrAuI7fsoBSRfNqowgtV3fE+QiuFwGUF/h2ojs6ks="},"public":{"type":"Buffer","data":"r6osP2l4lrZNVMnMuVp1qa8Xl8gTtwJzD/vbULBeBBc="}},"signature":{"type":"Buffer","data":"r1RvuNETgG0L2gUSuHQ/r5XynvOV9J8CpuYHYrWfMM1VlDDUlWi3zOKljxuDEI6GtJxiubwsx+CyXylpWniGCg=="},"keyId":1},"registrationId":249,"advSecretKey":"sMctFERBCCNYD7uwNTJAmyM0dVDzuOJmdfkbQmhVFHk=","processedHistoryMessages":[],"nextPreKeyId":72,"firstUnuploadedPreKeyId":72,"accountSyncCounter":0,"accountSettings":{"unarchiveChats":false},"registered":true,"pairingCode":"ZKM25KE7","me":{"id":"258857999008:1@s.whatsapp.net","name":"Roseh","lid":"234677734477967:1@lid"},"account":{"details":"CLC1+e4EEN+Os8cGGAEgACgA","accountSignatureKey":"qJ1jchIPzTQTeJ8IHPNXVOGzcXTzKglIuPoTHWd3H1M=","accountSignature":"kf8muFndrMM67RRpa1YHOt6O+fp2c04yHr+vCayMNEM253cgSq8pzrchj5NeNBJakbwHdQ1bIMcF4bZ+a4g9Dw==","deviceSignature":"vKwBfzKj+cVSy6arPAYWTVtu4YtiVoykiiw0/ytLgNb+nao3sy25SllKIYUuwY7kDfjew5ZFoX7I2k2llFVvBQ=="},"signalIdentities":[{"identifier":{"name":"258857999008:1@s.whatsapp.net","deviceId":0},"identifierKey":{"type":"Buffer","data":"BaidY3ISD800E3ifCBzzV1Ths3F08yoJSLj6Ex1ndx9T"}}],"platform":"smba","routingInfo":{"type":"Buffer","data":"CAsICQ=="},"lastAccountSyncTimestamp":1760352315,"lastPropHash":"3R9Z39","myAppStateKeyId":"AAAAAMLA"}