{"_sessions":{"BaMoi9sg5TLy6DiYda5euEUz0cnp8QxDTDHh1PneRzQj":{"registrationId":702384,"currentRatchet":{"ephemeralKeyPair":{"pubKey":"BVM8Fq8mOlNeCt+VZfG+ERNegdKvbnpLROIvQfA3gWIm","privKey":"mMocnFYPajSG6PoI38M+cp/qZQoA5wl0bIcQBPaNQXg="},"lastRemoteEphemeralKey":"BWr1ktFhgQeVQB0x75iwD1nrRj7HECUl7P2/+oDvav5o","previousCounter":0,"rootKey":"FhnsO26f2m5tKEF4vT+otGB3/2OefMUOAHbwFmR6ij0="},"indexInfo":{"baseKey":"BaMoi9sg5TLy6DiYda5euEUz0cnp8QxDTDHh1PneRzQj","baseKeyType":1,"closed":-1,"used":1760429001702,"created":1760429001702,"remoteIdentityKey":"BU4Y6Y1J/ApsLkXX+jV3cuOh/dtk6RF7eNX1hBzFz0ZT"},"_chains":{"BVM8Fq8mOlNeCt+VZfG+ERNegdKvbnpLROIvQfA3gWIm":{"chainKey":{"counter":1,"key":"hrtDfFeNu3/spyrWidVd0obGrKXDWnWqxS/avk+nyEM="},"chainType":1,"messageKeys":{}}},"pendingPreKey":{"signedKeyId":3893609,"baseKey":"BaMoi9sg5TLy6DiYda5euEUz0cnp8QxDTDHh1PneRzQj","preKeyId":2553292}}},"version":"v1"}