{"_sessions":{"BRHjg1rTkQWbHGqxXFkOVGpgDmcHwoPxgQxraDHRZ+dO":{"registrationId":170534915,"currentRatchet":{"ephemeralKeyPair":{"pubKey":"BXze5x4nqXFUdZOIZhr5YdDc5ESAsI4zrlvTrcfIGSJg","privKey":"MKHY8WsfcC2WKe/IfP9dryH6D65/YuPgVVL/G24t41U="},"lastRemoteEphemeralKey":"BWVxWiSUIejJtxB8Y2aYcpZZi5mBsNg8QoAXdg2Un5gG","previousCounter":0,"rootKey":"Z2S1t8sTjeGAXUPVMVLuP/6z340kASGXLx0EAFoM5CI="},"indexInfo":{"baseKey":"BRHjg1rTkQWbHGqxXFkOVGpgDmcHwoPxgQxraDHRZ+dO","baseKeyType":1,"closed":-1,"used":1760429000099,"created":1760429000099,"remoteIdentityKey":"BU/MDVfoTnWRjbYndJfvWK3qnd1qvAK9lRFSmKoM5j8k"},"_chains":{"BXze5x4nqXFUdZOIZhr5YdDc5ESAsI4zrlvTrcfIGSJg":{"chainKey":{"counter":1,"key":"0DURC5Nt4r0E1h7oZLQVXmVbHZDC7M8/frZYRXjw5UU="},"chainType":1,"messageKeys":{}}},"pendingPreKey":{"signedKeyId":22,"baseKey":"BRHjg1rTkQWbHGqxXFkOVGpgDmcHwoPxgQxraDHRZ+dO"}}},"version":"v1"}