{"_sessions":{"BWURPul+N6bSgZnMP7vUHENS1KC7BeSKq85VA86N0IQ8":{"registrationId":1018520881,"currentRatchet":{"ephemeralKeyPair":{"pubKey":"BWQ+cAHlEPx4HB1PK8WVWAQvtKddIYw1VQ1MU1UgEM03","privKey":"KEGqzpg9ltIHvL7djKGdlcAWQZT28rzkP020p3LTtWM="},"lastRemoteEphemeralKey":"BbnYyHm5JPDQ/M0hVP+m3bcS5P/b8CcmIcOzwwi6JZhG","previousCounter":0,"rootKey":"8SreBebsLxr52ZI8Pp6zBaEUDyTklg2lQCLq1jU6/yc="},"indexInfo":{"baseKey":"BWURPul+N6bSgZnMP7vUHENS1KC7BeSKq85VA86N0IQ8","baseKeyType":1,"closed":-1,"used":1760429001676,"created":1760429001676,"remoteIdentityKey":"BWEZwIJgV2L6/0jxLlrn+102Q23781QBK9LYj0+i8yAq"},"_chains":{"BWQ+cAHlEPx4HB1PK8WVWAQvtKddIYw1VQ1MU1UgEM03":{"chainKey":{"counter":1,"key":"AZPDc02SlJXVZN+UxQZUsJZZFSua1/Wdi8hpPNdbnhk="},"chainType":1,"messageKeys":{}}},"pendingPreKey":{"signedKeyId":343759,"baseKey":"BWURPul+N6bSgZnMP7vUHENS1KC7BeSKq85VA86N0IQ8","preKeyId":7524223}}},"version":"v1"}