{"_sessions":{"BWw3SifcgP++JJo5jEl1IfqWAlsZmN4EnOPmwjlHHYAs":{"registrationId":106557621,"currentRatchet":{"ephemeralKeyPair":{"pubKey":"BZ7wLkKkn/3YSGU/OMlLAQU3VKbMV0VbGrSBzNtA5OdG","privKey":"aIcHWaZM4muq1j675oDB1DBJ+HjEpjj5Lb9Ugtq8aFQ="},"lastRemoteEphemeralKey":"BcJUnSs7q0bE2eiHGkgDV75qkDSRrYV6LJLPYDLvj3ov","previousCounter":1,"rootKey":"UnowYXlGhiAavm1mmn0iUsPHZ5iD4MLkUrR5b3csOAU="},"indexInfo":{"baseKey":"BWw3SifcgP++JJo5jEl1IfqWAlsZmN4EnOPmwjlHHYAs","baseKeyType":1,"closed":-1,"used":1760439829070,"created":1760429002325,"remoteIdentityKey":"BcnKKwA9mODIXZl9P8Mk0v+b/woGX621P44sQtu6AXEw"},"_chains":{"BcJUnSs7q0bE2eiHGkgDV75qkDSRrYV6LJLPYDLvj3ov":{"chainKey":{"counter":0,"key":"8ZcSy0ueBSAFsC2dkyU+UQzEnoinZHaLsKRlfkGkMUM="},"chainType":2,"messageKeys":{}},"BZ7wLkKkn/3YSGU/OMlLAQU3VKbMV0VbGrSBzNtA5OdG":{"chainKey":{"counter":-1,"key":"hlH+Kvs70HqG/UVzFY4VXm2Cu0ibt3NDsoxO3FoSMNM="},"chainType":1,"messageKeys":{}}}}},"version":"v1"}