{"_sessions":{"BTsIRE6RcKVxnaFK4TWA8yJ6gN1Adm+blTS2tII6lL1z":{"registrationId":2071096255,"currentRatchet":{"ephemeralKeyPair":{"pubKey":"BffzWYuXyqXi1MvZMu9ZgehpuyQJ0CUi1UYRs8EN2ZQj","privKey":"eMbs92JZ/YwtjB4LEURKPv/AB9HFUSo5dBb8uZeynlI="},"lastRemoteEphemeralKey":"BfgKGeRtNkM+VE2OTo3UV6zHi7X98QJ6jznqg+Vck/l0","previousCounter":0,"rootKey":"bVWL331FAvtN0DRXdmhpzbdDPhHYfThf2knXBf4Bvnc="},"indexInfo":{"baseKey":"BTsIRE6RcKVxnaFK4TWA8yJ6gN1Adm+blTS2tII6lL1z","baseKeyType":1,"closed":-1,"used":1760424492239,"created":1760424492239,"remoteIdentityKey":"BS+nGaqiu8AjkYFYax2/KyKvvfvGAcBbtxJX8LFYCxA1"},"_chains":{"BffzWYuXyqXi1MvZMu9ZgehpuyQJ0CUi1UYRs8EN2ZQj":{"chainKey":{"counter":0,"key":"qqUkIo4J/c7uNSJtdsLpIEbm2oZ5ODPw7PAXe5Coee4="},"chainType":1,"messageKeys":{}}},"pendingPreKey":{"signedKeyId":31,"baseKey":"BTsIRE6RcKVxnaFK4TWA8yJ6gN1Adm+blTS2tII6lL1z","preKeyId":2538712}}},"version":"v1"}