{"_sessions":{"BVJRhsBbqEzqj2x98+C6kWtyio0d51ANvToQIfoYsMNy":{"registrationId":441937538,"currentRatchet":{"ephemeralKeyPair":{"pubKey":"BUkoaKKG/NGKaifEXA1fD4dQP0LmyL42emKMC+3kQVZC","privKey":"sMoq0RVuM3RI5YOl3zjrEBpFzWZEMA36tYrvN77q/UQ="},"lastRemoteEphemeralKey":"BedjjM7vBIbGpssR6ube1nFHJSGdfXFjgaKkgHmhX8o7","previousCounter":0,"rootKey":"YGKLD9Aj1a369aFfHwB4R7QAy7N7h2KeivTa1kmLBMY="},"indexInfo":{"baseKey":"BVJRhsBbqEzqj2x98+C6kWtyio0d51ANvToQIfoYsMNy","baseKeyType":1,"closed":-1,"used":1760429000285,"created":1760429000285,"remoteIdentityKey":"BbSj+PyxrBIDA7ASC8FS0O4kgwNvi/l2imp3blCfFIdg"},"_chains":{"BUkoaKKG/NGKaifEXA1fD4dQP0LmyL42emKMC+3kQVZC":{"chainKey":{"counter":1,"key":"hvXiLHGYWRHev40PzXJyNxihQR1B8qj8b5+yCMY2S5g="},"chainType":1,"messageKeys":{}}},"pendingPreKey":{"signedKeyId":11,"baseKey":"BVJRhsBbqEzqj2x98+C6kWtyio0d51ANvToQIfoYsMNy","preKeyId":1417213}}},"version":"v1"}