{"_sessions":{"BeiAQgmDYT4WtQEE+j3614nsOAhAvtFPRodJdPZ0Z0YZ":{"registrationId":615552135,"currentRatchet":{"ephemeralKeyPair":{"pubKey":"BZPUFDTlSjA4u3KzVDsAKyek8FWjqkYb2or9MNjfxrVU","privKey":"qBgwhCDko+ln6QyhdF5btyTTLbe7VumOvonvJPXVWkE="},"lastRemoteEphemeralKey":"BWMUBMk28ov0vYTCTDDPAqTwpxa7aB/hdmTFxD3H1Pga","previousCounter":0,"rootKey":"78Ysm0/pG8Qxt/xXLplcuON9Tqab5ZlTzTnWlR9pRrc="},"indexInfo":{"baseKey":"BeiAQgmDYT4WtQEE+j3614nsOAhAvtFPRodJdPZ0Z0YZ","baseKeyType":1,"closed":-1,"used":1760428999706,"created":1760428999706,"remoteIdentityKey":"BUSH+Soh70Qlg1oGH4/Tuu+XcIItn4LHGnA4pay7m1dw"},"_chains":{"BZPUFDTlSjA4u3KzVDsAKyek8FWjqkYb2or9MNjfxrVU":{"chainKey":{"counter":1,"key":"I69X1xsM4gH6CNzOwWEI+nrkUXYtIIZjy3une2gmkJ4="},"chainType":1,"messageKeys":{}}},"pendingPreKey":{"signedKeyId":0,"baseKey":"BeiAQgmDYT4WtQEE+j3614nsOAhAvtFPRodJdPZ0Z0YZ","preKeyId":4132554}}},"version":"v1"}