{"_sessions":{"BSB4avTm40sERWnhEE2+7f3L71gLIvxqLBN4+QpJwRMC":{"registrationId":343321666,"currentRatchet":{"ephemeralKeyPair":{"pubKey":"BfeBi1Fh7m8dgFB5+WEum6RmIdgiMOQaTMfyZmCRd9pK","privKey":"KG9qhDpLLkGXBqOL7Dk4t7Z41KqqmFN+Gl/aiCTxeUg="},"lastRemoteEphemeralKey":"BeRZIOU8jkyRG1exf0/KiNFlGi4Ck3qlU5iqKXXyNWgR","previousCounter":0,"rootKey":"sZg85E2Rmnm/IybLSYw7rd/qX+NAhYrT+lVapHtT7pI="},"indexInfo":{"baseKey":"BSB4avTm40sERWnhEE2+7f3L71gLIvxqLBN4+QpJwRMC","baseKeyType":1,"closed":-1,"used":1760429000271,"created":1760429000271,"remoteIdentityKey":"BT2maMS4agHgwQo/0tnkOvaYTUsVVL7GEvgauwphXtYj"},"_chains":{"BfeBi1Fh7m8dgFB5+WEum6RmIdgiMOQaTMfyZmCRd9pK":{"chainKey":{"counter":1,"key":"ZRBI301U/oII8elPFwSpUt2ZEN8mNe5VWvP69U5pcsE="},"chainType":1,"messageKeys":{}}},"pendingPreKey":{"signedKeyId":6,"baseKey":"BSB4avTm40sERWnhEE2+7f3L71gLIvxqLBN4+QpJwRMC","preKeyId":11838072}}},"version":"v1"}