{"_sessions":{"BTdHRVB0dnyNY/6ecOKa79AiiwYdz3e74I2NAZHRmdwv":{"registrationId":325964597,"currentRatchet":{"ephemeralKeyPair":{"pubKey":"Bf5+nwWNUqY9SZAqQGUHRsJ69SfirpZmw2Z51BnnVawY","privKey":"EHOK5eD7YJJ1KjE79Gbmzj3ygXPz4Ln576dGuDrzv3A="},"lastRemoteEphemeralKey":"BT1ncjyp1FsXLDrONLhssp9xyhbYmaLsKgD/t3UMmjI7","previousCounter":0,"rootKey":"w+VnKgZbo/aVNd5HV2VXBhGe8Nzqp1Eyv+xqPgfpeL4="},"indexInfo":{"baseKey":"BTdHRVB0dnyNY/6ecOKa79AiiwYdz3e74I2NAZHRmdwv","baseKeyType":1,"closed":-1,"used":1760428999648,"created":1760428999648,"remoteIdentityKey":"BXTCLvBhPG86Ahpxw2wpLhuM/qXLG/dUFlsuoeIRiDRU"},"_chains":{"Bf5+nwWNUqY9SZAqQGUHRsJ69SfirpZmw2Z51BnnVawY":{"chainKey":{"counter":1,"key":"qEvVS0gdDl8DPrVGXxWvTB5zQsN4+m4Pv7Vq/skwN/I="},"chainType":1,"messageKeys":{}}},"pendingPreKey":{"signedKeyId":17,"baseKey":"BTdHRVB0dnyNY/6ecOKa79AiiwYdz3e74I2NAZHRmdwv"}}},"version":"v1"}