{"_sessions":{"BUycHB/KmSGWi0nJyxiubVVKVTApDaHHq7xbR+DOMqkp":{"registrationId":2012442346,"currentRatchet":{"ephemeralKeyPair":{"pubKey":"BbAPvHz8/GuTJ60OUFSNcu00fePSffDveh/F9VtUicoK","privKey":"+FGWFNV81oIAlXQY0nBrE+9H7+h627EcXDFQuMkXNGg="},"lastRemoteEphemeralKey":"BeKJy/RJWP0Gz8NF32xBA/FKIE3qi5PqiyOU3BSQzadp","previousCounter":0,"rootKey":"nUoWHW53UzJoNBbBR/FYTgdScYAj7bEn2iChXfTzveQ="},"indexInfo":{"baseKey":"BUycHB/KmSGWi0nJyxiubVVKVTApDaHHq7xbR+DOMqkp","baseKeyType":1,"closed":-1,"used":1760429000797,"created":1760429000797,"remoteIdentityKey":"BXQRjXn5hQuL2ejG14ZS6Vd9B/r3X5uX+p1Y+9ebmwYm"},"_chains":{"BbAPvHz8/GuTJ60OUFSNcu00fePSffDveh/F9VtUicoK":{"chainKey":{"counter":1,"key":"R0c3BhUAvHYVz/dKhUt5AuBjhIqUKN8bo4p6ZCpkHQo="},"chainType":1,"messageKeys":{}}},"pendingPreKey":{"signedKeyId":10,"baseKey":"BUycHB/KmSGWi0nJyxiubVVKVTApDaHHq7xbR+DOMqkp","preKeyId":2286050}}},"version":"v1"}