{"_sessions":{"BVXnseDVcowx07ZFS/HVhc+MsGtqI2M3J0NU1EVoGI1i":{"registrationId":1130213015,"currentRatchet":{"ephemeralKeyPair":{"pubKey":"BcVoHV8W9tBXFEGDPqncmpSetXtFLNduwASursTjlLMv","privKey":"kI+o3OH7pPmf+yPmIifsNXZbidXT10+Lk03Kwh/fHUQ="},"lastRemoteEphemeralKey":"BRrob0KqGPaG9gHuPJnp3H6rAR2jVJZ7/zbE/u6X1QZs","previousCounter":0,"rootKey":"BUtAtzbU2PJaRPy5EVXAvpq/JRIwwl1nJxYuGnyM6PQ="},"indexInfo":{"baseKey":"BVXnseDVcowx07ZFS/HVhc+MsGtqI2M3J0NU1EVoGI1i","baseKeyType":1,"closed":-1,"used":1760429002107,"created":1760429002107,"remoteIdentityKey":"BcFPirVGxPU/uTB0oNDttBUDO3vy9yJo8ZbskgN+NlkN"},"_chains":{"BcVoHV8W9tBXFEGDPqncmpSetXtFLNduwASursTjlLMv":{"chainKey":{"counter":1,"key":"tJDXJEyU1yAwZfAhjWFnMgmwN6BGrJcPTX85PEIiorI="},"chainType":1,"messageKeys":{}}},"pendingPreKey":{"signedKeyId":3,"baseKey":"BVXnseDVcowx07ZFS/HVhc+MsGtqI2M3J0NU1EVoGI1i","preKeyId":8060663}}},"version":"v1"}