{"_sessions":{"Beb2mueQXN5exa9mrudREF0FjgGp3qClA6RleIhFrKgc":{"registrationId":2127729634,"currentRatchet":{"ephemeralKeyPair":{"pubKey":"Bclm8OqShiGh+H7rJofnwCM0JhbMxGgcpaoUXvU3rbRs","privKey":"sJ9+spaenuDf71r07+IkmQrcxF3Uy5YYdLw3KJ9ld0U="},"lastRemoteEphemeralKey":"BbqFLqRniZUE1ZYlwiuhxYHxl3fqVlWCcwbCgTjbjWcv","previousCounter":0,"rootKey":"fuxkni+XESnheYDa5IababgLBr8aI+WRmFntQ8ghAAw="},"indexInfo":{"baseKey":"Beb2mueQXN5exa9mrudREF0FjgGp3qClA6RleIhFrKgc","baseKeyType":1,"closed":-1,"used":1760429000855,"created":1760429000855,"remoteIdentityKey":"BQTD7R+/ptuJf0QtY0JENXofc16ot0IH3QB5jsYlloxt"},"_chains":{"Bclm8OqShiGh+H7rJofnwCM0JhbMxGgcpaoUXvU3rbRs":{"chainKey":{"counter":1,"key":"YJNoSRpJnBH3RvvWNfEzsD9E+h9rzaVSvTDEIyqGxB8="},"chainType":1,"messageKeys":{}}},"pendingPreKey":{"signedKeyId":3,"baseKey":"Beb2mueQXN5exa9mrudREF0FjgGp3qClA6RleIhFrKgc","preKeyId":9013953}}},"version":"v1"}