{"_sessions":{"BYggeuS3xGLI9vhbYNC1sCnzVhZfFRpI2WWk3e9rY5x6":{"registrationId":1780111207,"currentRatchet":{"ephemeralKeyPair":{"pubKey":"BdZbs5W8TDUh2dDNLW5/SqUgRGQV6x1IAgsNrcSnSZxo","privKey":"oEns9bxf9zIirNNlNoj00OU/mouCBg4iQlTtf89lfHs="},"lastRemoteEphemeralKey":"BaYWPNW8bHSFofyM4Pg8bLGqiJHIox0Z1LSAwDhstX0Z","previousCounter":0,"rootKey":"XclU4TnxXzhGCemap6Z3U9coZLkyrKtv/LdoL6lge64="},"indexInfo":{"baseKey":"BYggeuS3xGLI9vhbYNC1sCnzVhZfFRpI2WWk3e9rY5x6","baseKeyType":1,"closed":-1,"used":1760429000702,"created":1760429000702,"remoteIdentityKey":"BQSZkRSM10uMWVcdc7DsRad2zqor2KCsUoocMJacfbwH"},"_chains":{"BdZbs5W8TDUh2dDNLW5/SqUgRGQV6x1IAgsNrcSnSZxo":{"chainKey":{"counter":1,"key":"cN4k+JBKHzWh+QuFkTi16utuliwBUXfsC0gxFTrUG+k="},"chainType":1,"messageKeys":{}}},"pendingPreKey":{"signedKeyId":16,"baseKey":"BYggeuS3xGLI9vhbYNC1sCnzVhZfFRpI2WWk3e9rY5x6","preKeyId":14427185}}},"version":"v1"}