{"_sessions":{"BWHZ36OKUf/1/0sMN8AUCW+FDkFo4y/oncZEzxW2Doow":{"registrationId":659611637,"currentRatchet":{"ephemeralKeyPair":{"pubKey":"BbDgaYDu9T8SD9o2JOqaX86JBWtrRr8K3Vwe81P3ePc3","privKey":"IO/QlJyuqoC+WSH0XWWaGK5mr5ekwLamK14hAWcSfEg="},"lastRemoteEphemeralKey":"BeoPO0zOXbn49xmY99INbTTw7V4KwzrFJoABPDicI+sn","previousCounter":0,"rootKey":"Z9m4pspIpD5ayAK8wZFXtK0KIgj93LIeaLXBGKU2b4Q="},"indexInfo":{"baseKey":"BWHZ36OKUf/1/0sMN8AUCW+FDkFo4y/oncZEzxW2Doow","baseKeyType":1,"closed":-1,"used":1760431233406,"created":1760429001636,"remoteIdentityKey":"BbgR55K64H4RBWNpVNslOPe7I1DquW71aW8rDI+iedoS"},"_chains":{"BeoPO0zOXbn49xmY99INbTTw7V4KwzrFJoABPDicI+sn":{"chainKey":{"counter":0,"key":"nAai+CU0HHitPCVfkJ1DU01hVATA7aPGuka4Rlm34fA="},"chainType":2,"messageKeys":{}},"BbDgaYDu9T8SD9o2JOqaX86JBWtrRr8K3Vwe81P3ePc3":{"chainKey":{"counter":-1,"key":"qXatnVhZuwn99CRy66Ndx0JmSZVbjmXecDdmAdrreuE="},"chainType":1,"messageKeys":{}}}}},"version":"v1"}