{"_sessions":{"BXi5lq66h55iswwfseYu547Po3nVpYsrWswJe1DXVzoJ":{"registrationId":515953054,"currentRatchet":{"ephemeralKeyPair":{"pubKey":"BS5IlJOVDIiCHLh7XaAtlzt3xhlq9i2yVp/J2Ttz5dYm","privKey":"CBq/3uqaZdRA2mZNLi6bLbsdM36R/D+Pcge/njJpBVg="},"lastRemoteEphemeralKey":"BaFJ0KIrrfWAJj+JpVy6AelL/PEaMWo/MQ3PgprBIQl5","previousCounter":0,"rootKey":"rH+2zRD7pi9V5i2nCnaMiZkTLL4e5T1wvHzADT32T/o="},"indexInfo":{"baseKey":"BXi5lq66h55iswwfseYu547Po3nVpYsrWswJe1DXVzoJ","baseKeyType":1,"closed":-1,"used":1760428999794,"created":1760428999793,"remoteIdentityKey":"BbATyO5H6BKS4oRRh6wYCt8Q6qws2h0kfHIp59hWo/ol"},"_chains":{"BS5IlJOVDIiCHLh7XaAtlzt3xhlq9i2yVp/J2Ttz5dYm":{"chainKey":{"counter":1,"key":"Tq3v7EfAA5se1i3kKsE56MmEjw5j7k2hGbKYb4KvW0s="},"chainType":1,"messageKeys":{}}},"pendingPreKey":{"signedKeyId":0,"baseKey":"BXi5lq66h55iswwfseYu547Po3nVpYsrWswJe1DXVzoJ","preKeyId":6056151}}},"version":"v1"}