{"_sessions":{"BTCThFGClTTTFa23CGqtYuTpAdDhQxYQnOgX2hUGUTIP":{"registrationId":1528044243,"currentRatchet":{"ephemeralKeyPair":{"pubKey":"BSUcXMfgKbk7hcB3TyumXB2LZatb9CAsjFwrYgGbVjYe","privKey":"iCsf/JhA060EcyumuP9UnqG7gK48oMYvhWMPXZ2EAHw="},"lastRemoteEphemeralKey":"BTajXqOPKNKRQK1c1qGPQ/LS32VPk9sfejDiQwdE4jZ4","previousCounter":0,"rootKey":"3N1fFdmpizWC5aUoKx3YsxjZvjNs2Ll/l/wT7wy0OZo="},"indexInfo":{"baseKey":"BTCThFGClTTTFa23CGqtYuTpAdDhQxYQnOgX2hUGUTIP","baseKeyType":1,"closed":-1,"used":1760429000393,"created":1760429000393,"remoteIdentityKey":"BdB6n+4FlNM73G6WLkwcLNeRgw5xvM6u0tabQlejXLUV"},"_chains":{"BSUcXMfgKbk7hcB3TyumXB2LZatb9CAsjFwrYgGbVjYe":{"chainKey":{"counter":1,"key":"sLZnkyvViygO8v79kkeWcWfnKHxifw8in9dr1ITR67k="},"chainType":1,"messageKeys":{}}},"pendingPreKey":{"signedKeyId":17,"baseKey":"BTCThFGClTTTFa23CGqtYuTpAdDhQxYQnOgX2hUGUTIP","preKeyId":7705906}}},"version":"v1"}