{"_sessions":{"BcIcZnihoPS8o8J/dhGphI4tDUTILPs8JMYNAdge5NZB":{"registrationId":69155636,"currentRatchet":{"ephemeralKeyPair":{"pubKey":"BfGPNZ0o1kpq1CJwYRPKgJo1GeKPdxCScLGEyF/FWc86","privKey":"cA5h61L2qcz4m9scOJexC7nfEvXtXD+G20IRNf+5i1w="},"lastRemoteEphemeralKey":"BUkc49RReRUU7Jp/nZkVTfmeHlnJrfTl+isDtDMnF4sk","previousCounter":0,"rootKey":"8qE7rujCbg936HDGDgXflBUE8Yo8w0mKmCNwr1I5dQ8="},"indexInfo":{"baseKey":"BcIcZnihoPS8o8J/dhGphI4tDUTILPs8JMYNAdge5NZB","baseKeyType":2,"closed":-1,"used":1760421601549,"created":1760421601549,"remoteIdentityKey":"BXELN1iGa06zQjcL4KLBHOyegOkRpyH5rtNMk/38xPUr"},"_chains":{"BUkc49RReRUU7Jp/nZkVTfmeHlnJrfTl+isDtDMnF4sk":{"chainKey":{"counter":0,"key":"kzhOWRX6WqYe2nN8wn6yWDqjnkNEnKSc9BoGqSTX2/Y="},"chainType":2,"messageKeys":{}},"BfGPNZ0o1kpq1CJwYRPKgJo1GeKPdxCScLGEyF/FWc86":{"chainKey":{"counter":1,"key":"sZx1jr8cVAbtKUJ2vEIY2xpo4tmeCS8B9yfRQywL6rk="},"chainType":1,"messageKeys":{}}}}},"version":"v1"}