{"_sessions":{"BXQsLm1rBqjmJhQtJVxCx9btQzz4LZu9vwIhIzdstrJn":{"registrationId":463478418,"currentRatchet":{"ephemeralKeyPair":{"pubKey":"Bb7cnnVrhkR6YPQym+mrVZuAfy7ZlGuCSq+KQEJG6G5/","privKey":"WF4la/RrYbqTqpbr/WvxQkiwlGw8jNX+CbTXu7gSDVI="},"lastRemoteEphemeralKey":"BRiUIFXdFFxqMfp7gHpKO+iRIWAB+u1jj0QGSibRLEIt","previousCounter":0,"rootKey":"W/ENFPvV+KPMIHehK1E9EhucKgt9cWQJv7xMSg0neiU="},"indexInfo":{"baseKey":"BXQsLm1rBqjmJhQtJVxCx9btQzz4LZu9vwIhIzdstrJn","baseKeyType":1,"closed":-1,"used":1760429001767,"created":1760429001767,"remoteIdentityKey":"BWhoGMdinI6Up8sum0osnfgofid0WWRxhRPF6TxSzwYU"},"_chains":{"Bb7cnnVrhkR6YPQym+mrVZuAfy7ZlGuCSq+KQEJG6G5/":{"chainKey":{"counter":1,"key":"SAd7RXuaiucmn5pKf3KBsieu8NdEQt6PQoW3nj/gVdc="},"chainType":1,"messageKeys":{}}},"pendingPreKey":{"signedKeyId":18,"baseKey":"BXQsLm1rBqjmJhQtJVxCx9btQzz4LZu9vwIhIzdstrJn","preKeyId":10747357}}},"version":"v1"}