{"_sessions":{"Bai0L+Wn/k45XrtyuetG4F4lhJsdBFML4AoWRbf3RUVB":{"registrationId":1428478598,"currentRatchet":{"ephemeralKeyPair":{"pubKey":"BdspABPgsMk72G2Jzbq5n4wqJwt8tTR7VhPDJwaR7DU3","privKey":"UJ/2lpRy10wlhoEb7oc84tPuF1rd9TbnhpkGF1GyHFQ="},"lastRemoteEphemeralKey":"BaVN2Bs1ai6fOlbcDEM2m7qn4xRcmLIkZdwDB17tGes2","previousCounter":0,"rootKey":"1qeEXEUxlTNUMAsiQKZTJas0LLmvkvNNp635uhQj1xY="},"indexInfo":{"baseKey":"Bai0L+Wn/k45XrtyuetG4F4lhJsdBFML4AoWRbf3RUVB","baseKeyType":1,"closed":-1,"used":1760429000944,"created":1760429000944,"remoteIdentityKey":"BXrR1KcjLMWX2NWZ1gmlpc5dln+u50TXCy8QR0NjEUIr"},"_chains":{"BdspABPgsMk72G2Jzbq5n4wqJwt8tTR7VhPDJwaR7DU3":{"chainKey":{"counter":1,"key":"m71IWB6fcRr8XbS3Gj1PxZeP9WjdBSoL3LoeWXJI3Ts="},"chainType":1,"messageKeys":{}}},"pendingPreKey":{"signedKeyId":0,"baseKey":"Bai0L+Wn/k45XrtyuetG4F4lhJsdBFML4AoWRbf3RUVB","preKeyId":14343197}}},"version":"v1"}