{"_sessions":{"Bbhfgwgkg+aglOFIVj3rxsa2BSzHe2qM09EXQjHNFaUM":{"registrationId":1820187701,"currentRatchet":{"ephemeralKeyPair":{"pubKey":"BfJQkHVAzyxVIZlTkGj4L+AQI0M3P4Q03gKJJJVtAvRI","privKey":"6A81O0GEnqrkSb4DQ0jrPp0NZe2unSe+sa3HxblufEY="},"lastRemoteEphemeralKey":"BU2WzkKkp2atQ0uJO64ip7m8fRLWuHZ7XtPuxsCuFPAb","previousCounter":0,"rootKey":"wcRSLm0zWan6RaDcY789s3hQ3ZAc3IANyFpBnw63IL8="},"indexInfo":{"baseKey":"Bbhfgwgkg+aglOFIVj3rxsa2BSzHe2qM09EXQjHNFaUM","baseKeyType":1,"closed":-1,"used":1760429001976,"created":1760429001976,"remoteIdentityKey":"BXiUGZ8dsuOXBIYJdi14KGm+hW1lPO7csusMLkJbpFxz"},"_chains":{"BfJQkHVAzyxVIZlTkGj4L+AQI0M3P4Q03gKJJJVtAvRI":{"chainKey":{"counter":1,"key":"cKEX9iMHIlTV/qVmli2PyFEjUY9QLdm1EEzUOiIY8gk="},"chainType":1,"messageKeys":{}}},"pendingPreKey":{"signedKeyId":5,"baseKey":"Bbhfgwgkg+aglOFIVj3rxsa2BSzHe2qM09EXQjHNFaUM","preKeyId":9906580}}},"version":"v1"}