{"_sessions":{"BZN0s+djnD7yP1W/6IBl4LdUh+hSpg8S+s2Gjx+cg99t":{"registrationId":1469497457,"currentRatchet":{"ephemeralKeyPair":{"pubKey":"BduED1Lg67lDSPv2MuS6ts8E818Kkj6Et4V71M0crTJ4","privKey":"kDkIjvPu1INptUD5PbOa3tnP4FNlIU1/vXJmbG6TwGA="},"lastRemoteEphemeralKey":"BVvuaTGVf2iAm8fs+Si2K5jBfzUcvlcddo0a+pEanGEN","previousCounter":0,"rootKey":"N/uESGeopyOY+RhQt0ro14BZZ9getdO8+oaDVSLyoCI="},"indexInfo":{"baseKey":"BZN0s+djnD7yP1W/6IBl4LdUh+hSpg8S+s2Gjx+cg99t","baseKeyType":1,"closed":-1,"used":1760429001924,"created":1760429001924,"remoteIdentityKey":"BWGtkLfjgcSskv/egSy/8p+Fd6qvH+EsCeGKvejhPJNf"},"_chains":{"BduED1Lg67lDSPv2MuS6ts8E818Kkj6Et4V71M0crTJ4":{"chainKey":{"counter":1,"key":"ea0MM68NIhY29MN5dH/Lbd0BQCAzdP7TrUjZeNqdKno="},"chainType":1,"messageKeys":{}}},"pendingPreKey":{"signedKeyId":2,"baseKey":"BZN0s+djnD7yP1W/6IBl4LdUh+hSpg8S+s2Gjx+cg99t","preKeyId":11131067}}},"version":"v1"}