{"_sessions":{"BYdxW7CKN7ixNxZl9G58dLPLjP/dKmpovWuczY7uQFNR":{"registrationId":888924141,"currentRatchet":{"ephemeralKeyPair":{"pubKey":"BQWFsGNC3nETAnTujTOpGfTL2k3gmhYp4X7Lvvi6MQ5k","privKey":"cMCUgnxkylDe/tpyuXgpUNtv6VsdqEVIJzcGykUlYlA="},"lastRemoteEphemeralKey":"BeylW0nVVNImQC0jL1TCPCQtKX45gAcp1osfmbCq/Dlf","previousCounter":0,"rootKey":"VizFqmPJXDezig2wIDMP96VBmksm8S69qdon+mIHVOU="},"indexInfo":{"baseKey":"BYdxW7CKN7ixNxZl9G58dLPLjP/dKmpovWuczY7uQFNR","baseKeyType":1,"closed":-1,"used":1760429000782,"created":1760429000782,"remoteIdentityKey":"Bah7j0kLwx96GED7LwXihfQziVsMAbjWzVPViPKH4/E0"},"_chains":{"BQWFsGNC3nETAnTujTOpGfTL2k3gmhYp4X7Lvvi6MQ5k":{"chainKey":{"counter":1,"key":"dToUKAF4hkk8nnEATQzbxyNRIDHLnsk0a0M8xoQd8Cc="},"chainType":1,"messageKeys":{}}},"pendingPreKey":{"signedKeyId":2,"baseKey":"BYdxW7CKN7ixNxZl9G58dLPLjP/dKmpovWuczY7uQFNR"}}},"version":"v1"}