{"_sessions":{"BYuzdj8WP5iWW++ra8yMAj/5ZAJz2FlJk8YWsvVYZIJt":{"registrationId":607252744,"currentRatchet":{"ephemeralKeyPair":{"pubKey":"BShq9RYtYkA9QOGwSHoMhibUE+KlGSN1k1wM/aSNLR1R","privKey":"yF/tE+MZdbDdtsmGthhhTUXk1V/zgXSjZOUBrmcf43g="},"lastRemoteEphemeralKey":"BSztp2+bYReZkzRexDR/hTKvNP6qCpKu60EPBOFY2Op6","previousCounter":1,"rootKey":"PNjnxc9kUN/vCGlmTFMa6IT0EXG6htQDJh7zHkTTl2U="},"indexInfo":{"baseKey":"BYuzdj8WP5iWW++ra8yMAj/5ZAJz2FlJk8YWsvVYZIJt","baseKeyType":1,"closed":-1,"used":1760439161781,"created":1760429002141,"remoteIdentityKey":"BbOnqdXWURPoOs3IX9KzOf3GySz5Pp22DwF+AUxOq24H"},"_chains":{"BSztp2+bYReZkzRexDR/hTKvNP6qCpKu60EPBOFY2Op6":{"chainKey":{"counter":1,"key":"p5I8w4jBGEeNQLKv3GTVIot9tnZfFLN0NeuFlYD7qq8="},"chainType":2,"messageKeys":{}},"BShq9RYtYkA9QOGwSHoMhibUE+KlGSN1k1wM/aSNLR1R":{"chainKey":{"counter":-1,"key":"BhpyGF3fJ7Zb913EAL5Lj6oK4QI8B3XS233+56yGaMI="},"chainType":1,"messageKeys":{}}}}},"version":"v1"}