{"_sessions":{"BVYtOxTkXTFMu7gjImNea7j5KcSYTqh63rnlZ3vdI/Iw":{"registrationId":1524667323,"currentRatchet":{"ephemeralKeyPair":{"pubKey":"BRMF9nlz+4j0qy12cHgRdSRDpD6LJHrW9Mo9K0V2OWUj","privKey":"wLYhQyCeMW8lRHEJ9wdgY/jYxGq+12xmSb92TIqMS0I="},"lastRemoteEphemeralKey":"BWgbn2Al5lQ5cQFxt0wxFfFGSxTL+lfC0OZ/cyA2vrlX","previousCounter":0,"rootKey":"cb2CYuLFjlisuMHvWLAsKFibcNChy2T2Stbn3Y6FVlk="},"indexInfo":{"baseKey":"BVYtOxTkXTFMu7gjImNea7j5KcSYTqh63rnlZ3vdI/Iw","baseKeyType":1,"closed":-1,"used":1760429000988,"created":1760429000988,"remoteIdentityKey":"BW6kSub8sfKjRLVjaWLg2XZkHVCnu7HQ+2ToUmhLmutx"},"_chains":{"BRMF9nlz+4j0qy12cHgRdSRDpD6LJHrW9Mo9K0V2OWUj":{"chainKey":{"counter":1,"key":"MPJqvGlOFpl8CtzPVEDDpG8mzbudSNbHqYpQzgez360="},"chainType":1,"messageKeys":{}}},"pendingPreKey":{"signedKeyId":5,"baseKey":"BVYtOxTkXTFMu7gjImNea7j5KcSYTqh63rnlZ3vdI/Iw","preKeyId":11347768}}},"version":"v1"}