{"_sessions":{"BdIR2x7n7t1065erZPQFBe6UvJGtn1we+qB0Gy+UYdkt":{"registrationId":805927673,"currentRatchet":{"ephemeralKeyPair":{"pubKey":"BTyTedi3ZCwDrcNx1PRF+V58QjDFK/WQ7QnpXUj6ethg","privKey":"CB3TpFDaszL+0B1S1HPf43k83TAjyfLWJq55oeDLgGA="},"lastRemoteEphemeralKey":"BTvAJ56XuLOHtbHfzjwIkKqEmE+anaEseDGpQWGSJ2Zt","previousCounter":0,"rootKey":"SLx2wskidlqLni+iFS+RidhDvc6pWfmdYQC7Wh88ubA="},"indexInfo":{"baseKey":"BdIR2x7n7t1065erZPQFBe6UvJGtn1we+qB0Gy+UYdkt","baseKeyType":1,"closed":-1,"used":1760429000358,"created":1760429000358,"remoteIdentityKey":"BTRgmLl7wFDrP/fcn0A36HLQaxLWukN/4XHl1d3n3IUx"},"_chains":{"BTyTedi3ZCwDrcNx1PRF+V58QjDFK/WQ7QnpXUj6ethg":{"chainKey":{"counter":1,"key":"VFIylpnUTxiIVXZZs+UiA0pdp0M1ysW6kVHz6RmSVEU="},"chainType":1,"messageKeys":{}}},"pendingPreKey":{"signedKeyId":16,"baseKey":"BdIR2x7n7t1065erZPQFBe6UvJGtn1we+qB0Gy+UYdkt","preKeyId":6992450}}},"version":"v1"}