{"_sessions":{"BdLQe2iEdOuZ95+A7zXfL8bEiCcflfvjO9ud6BmSyfc1":{"registrationId":2096729056,"currentRatchet":{"ephemeralKeyPair":{"pubKey":"BSm6wrhcvWfM3Opmfyk98bltlPzvFhLMBRRnE6SF89dd","privKey":"8Oq3d1z6SUhbG8/0kdJ27retvuRfKsjTD27zisdd3n0="},"lastRemoteEphemeralKey":"BWYtm3LAJ+wm+uhuZmpuFYn++ZOlkJxqLEfKu/zEDV8L","previousCounter":0,"rootKey":"5iN21tA4om2XEBi4WdUT92cLKyDxVhPWcOF8oztpU4U="},"indexInfo":{"baseKey":"BdLQe2iEdOuZ95+A7zXfL8bEiCcflfvjO9ud6BmSyfc1","baseKeyType":1,"closed":-1,"used":1760429000377,"created":1760429000377,"remoteIdentityKey":"BfIUZP/FFG4aX/eM5wY8CT6QIsia7W4o6JQoopzz2Ntb"},"_chains":{"BSm6wrhcvWfM3Opmfyk98bltlPzvFhLMBRRnE6SF89dd":{"chainKey":{"counter":1,"key":"X8yp2ws5lWio99E13HWwFpNpIrP9cKbzG11J6lY22CM="},"chainType":1,"messageKeys":{}}},"pendingPreKey":{"signedKeyId":4,"baseKey":"BdLQe2iEdOuZ95+A7zXfL8bEiCcflfvjO9ud6BmSyfc1","preKeyId":16358811}}},"version":"v1"}