{"_sessions":{"BfLToBOOTVshncVyF50gFFdiwtcSF4wmMEKkLecnRuBC":{"registrationId":2070516609,"currentRatchet":{"ephemeralKeyPair":{"pubKey":"Bd4d1MQHEMMoNKO1wBnp2Ofnmych7GnxLic5qmKmDHdX","privKey":"OKdZaBArtG2Te2FV2j7eivuzSKMzzv0K2NDKT8io71s="},"lastRemoteEphemeralKey":"BaJ2bs2GrlgtHWaO2Yh3IXxmo6XGMebIRwGrab1OW2hx","previousCounter":0,"rootKey":"85bPtpY1Qywm2FKgHhOtVPteJ/4BdevZ6EuR0xXsb/0="},"indexInfo":{"baseKey":"BfLToBOOTVshncVyF50gFFdiwtcSF4wmMEKkLecnRuBC","baseKeyType":1,"closed":-1,"used":1760428999691,"created":1760428999691,"remoteIdentityKey":"BblOS7mtPdaygLSISc64d254yNWeIwqc+A9sW1klwP9S"},"_chains":{"Bd4d1MQHEMMoNKO1wBnp2Ofnmych7GnxLic5qmKmDHdX":{"chainKey":{"counter":1,"key":"3zFLB4CSyNaBz0GhaB6mQ+DUK/IHSdvfg2ofQY+RB1w="},"chainType":1,"messageKeys":{}}},"pendingPreKey":{"signedKeyId":1,"baseKey":"BfLToBOOTVshncVyF50gFFdiwtcSF4wmMEKkLecnRuBC","preKeyId":670766}}},"version":"v1"}