{"_sessions":{"BYdaBPavJS1vqUwFweNsrd906UF3gdlPWwfI8RiyACBr":{"registrationId":4352482,"currentRatchet":{"ephemeralKeyPair":{"pubKey":"BUV6mcEEDvZTXujMXW0ZWO/6bSPtIznQBg/Ypr52K/h9","privKey":"sN5t+ZKNohFPNNs7V0yC00E+wmcyzNcZ+L9Jybf16kU="},"lastRemoteEphemeralKey":"BaVUTiZRS2jnO1U7ShiD3sBdL02J/0BRhwSUECrnc2R0","previousCounter":0,"rootKey":"40+sjk9v2ix69NG00IVO37x7V5efb1vfeC+8jZAcj5o="},"indexInfo":{"baseKey":"BYdaBPavJS1vqUwFweNsrd906UF3gdlPWwfI8RiyACBr","baseKeyType":1,"closed":-1,"used":1760429001938,"created":1760429001938,"remoteIdentityKey":"BeA0KFYDleQfbsLaXbixtsBA+YpPvwnVW96KohF6gRQe"},"_chains":{"BUV6mcEEDvZTXujMXW0ZWO/6bSPtIznQBg/Ypr52K/h9":{"chainKey":{"counter":1,"key":"nk7y73K1Xg8yeZPdeNqTyxcqODYIYLUZMfwjw8mEUKs="},"chainType":1,"messageKeys":{}}},"pendingPreKey":{"signedKeyId":3,"baseKey":"BYdaBPavJS1vqUwFweNsrd906UF3gdlPWwfI8RiyACBr","preKeyId":2242753}}},"version":"v1"}