{"_sessions":{"Bef8TvSchivbYlDilQOsJ/yb7Sgit6gw/MOtjhu6uCY8":{"registrationId":2042216688,"currentRatchet":{"ephemeralKeyPair":{"pubKey":"Bcw+4Z91Z8iHN7bkCwKcyn4dN0hsdh/b9SQEPNB9sZBc","privKey":"sGhaaANIYsCEbCJJz5ZPExobTP04YW10drJOilf3X0o="},"lastRemoteEphemeralKey":"BW5zlyIgGL8g+YWOL0N1hqn7GVqWG2Q7WqiMAHQ4EE4v","previousCounter":0,"rootKey":"zHnZ/pkk0/iKNRyoDxqOJ5+QulCQYT21PS4SHx5vKGA="},"indexInfo":{"baseKey":"Bef8TvSchivbYlDilQOsJ/yb7Sgit6gw/MOtjhu6uCY8","baseKeyType":1,"closed":-1,"used":1760429000430,"created":1760429000430,"remoteIdentityKey":"BXYPl7w9OLO2AaLmqOV4qEVQPB18ovJcb0jDs/lyMg85"},"_chains":{"Bcw+4Z91Z8iHN7bkCwKcyn4dN0hsdh/b9SQEPNB9sZBc":{"chainKey":{"counter":1,"key":"1W0gOtSLMXnfPu0tml0kTrIaSrj/8QZ1ri1OSC3oaWM="},"chainType":1,"messageKeys":{}}},"pendingPreKey":{"signedKeyId":3751571,"baseKey":"Bef8TvSchivbYlDilQOsJ/yb7Sgit6gw/MOtjhu6uCY8","preKeyId":7631473}}},"version":"v1"}