{"_sessions":{"BVdJoxHFs9Xs184bfDpw/4SduYh/ch98nUfPF4lzX21s":{"registrationId":1341683972,"currentRatchet":{"ephemeralKeyPair":{"pubKey":"BXRojJOO3dEGPTfUnAf8nadVXfpGNdl3TGnR4qSPbLAH","privKey":"QJaVey9qWxo6rwI6rZnsUPCcmANWcJC5/MzS3OYpC38="},"lastRemoteEphemeralKey":"BcEYXz5XboLovdCw4cyfvYAx66oHwfNOjf9KXmzodc1B","previousCounter":0,"rootKey":"jVi6K0Cy90FQKEmKsdplM8IuU/0KrUK5l05TgXfR0vU="},"indexInfo":{"baseKey":"BVdJoxHFs9Xs184bfDpw/4SduYh/ch98nUfPF4lzX21s","baseKeyType":1,"closed":-1,"used":1760429000652,"created":1760429000652,"remoteIdentityKey":"BaoSum0l/U0dCPG2uTQSdFtKTaX+6WNqLynLi0Nd+ZsM"},"_chains":{"BXRojJOO3dEGPTfUnAf8nadVXfpGNdl3TGnR4qSPbLAH":{"chainKey":{"counter":1,"key":"ZbXqAWEP0hcmjE17zUSpB6qx0D7Nwqg4lMBPg45f9MI="},"chainType":1,"messageKeys":{}}},"pendingPreKey":{"signedKeyId":1,"baseKey":"BVdJoxHFs9Xs184bfDpw/4SduYh/ch98nUfPF4lzX21s","preKeyId":12896552}}},"version":"v1"}