{"_sessions":{"BdYH8Ov8rrmqv1Fo6p928CC19bSnNcw/IcawUps1/P9a":{"registrationId":1475014927,"currentRatchet":{"ephemeralKeyPair":{"pubKey":"BUEM179dWwiZIaRLUTY9J3F6oi4y9V+od/vhZACRezYa","privKey":"4BbBH4kVyHOYzSKo3JRL91f1k3CatMxXCCiC1HUIK0M="},"lastRemoteEphemeralKey":"BSvtcsbt+94H/4wT5SYUVXhk5WJLfi5F8QdsgXh/sGgz","previousCounter":0,"rootKey":"blwCYrtZQOHzkNWuFSXlMxKPzjQat5ozz2FCUWnT9uo="},"indexInfo":{"baseKey":"BdYH8Ov8rrmqv1Fo6p928CC19bSnNcw/IcawUps1/P9a","baseKeyType":1,"closed":-1,"used":1760429001095,"created":1760429001095,"remoteIdentityKey":"BWJIaghVLkexBxYlygn97gJjI1otmKlE1KiNktUKJ3lS"},"_chains":{"BUEM179dWwiZIaRLUTY9J3F6oi4y9V+od/vhZACRezYa":{"chainKey":{"counter":1,"key":"tDNRumo9LkhSq45OwXqRPP44hO22a+AvpQES+hp24YM="},"chainType":1,"messageKeys":{}}},"pendingPreKey":{"signedKeyId":3,"baseKey":"BdYH8Ov8rrmqv1Fo6p928CC19bSnNcw/IcawUps1/P9a","preKeyId":9309489}}},"version":"v1"}