{"_sessions":{"BXIQ81GTSFK/C8dRJsE7oQriQTY8x/2QwBRm0PkYYZ4I":{"registrationId":1320805901,"currentRatchet":{"ephemeralKeyPair":{"pubKey":"BebeyJfd+uBN0qvQmPuQcLx4xDHdzCpVyUG91uhSNRQn","privKey":"eAqwi/jfy02hu8ufGfYryWeUW6crRs7eD0Jfmub0dm0="},"lastRemoteEphemeralKey":"BTbBix0utcC+bjlb5pt/WILFv2AZVTZXPhnvjkhNxPwU","previousCounter":0,"rootKey":"Oz5HJN6eWQ6i9+gHNMiXA/k08SznnASyZgHYkWzPH3Q="},"indexInfo":{"baseKey":"BXIQ81GTSFK/C8dRJsE7oQriQTY8x/2QwBRm0PkYYZ4I","baseKeyType":1,"closed":-1,"used":1760429000974,"created":1760429000974,"remoteIdentityKey":"BSc0N92B5ytV0DckbKnacvM6bLwrS+ali2hnyRoyGycV"},"_chains":{"BebeyJfd+uBN0qvQmPuQcLx4xDHdzCpVyUG91uhSNRQn":{"chainKey":{"counter":1,"key":"c/fu39cmWI83lEi4Z8hXGjW5j9EzKvXgUtoFChxZOg8="},"chainType":1,"messageKeys":{}}},"pendingPreKey":{"signedKeyId":2,"baseKey":"BXIQ81GTSFK/C8dRJsE7oQriQTY8x/2QwBRm0PkYYZ4I","preKeyId":1546449}}},"version":"v1"}