{"_sessions":{"BaD7GCDDLQ6JnKfAmgNVVAHESWy+lhKwk2hK7kZq4Dd5":{"registrationId":1808344837,"currentRatchet":{"ephemeralKeyPair":{"pubKey":"Be8NHQa4DP72cbq5D8z4vwN/W4PNlK3hXOWA3WdkXZ8r","privKey":"mNZjBRrgsEHTIUhcjPq+u7BCs7KKCUhcEBHiYOz0N1s="},"lastRemoteEphemeralKey":"BUsOHURJem975PrAKMqB0+6+wNF1k2pbX4vXiE1DAJhj","previousCounter":0,"rootKey":"RvUa2kfiFl05QihFJ8d8k2MUqAEPmDDSTwNmDgnGWkA="},"indexInfo":{"baseKey":"BaD7GCDDLQ6JnKfAmgNVVAHESWy+lhKwk2hK7kZq4Dd5","baseKeyType":1,"closed":-1,"used":1760429000178,"created":1760429000178,"remoteIdentityKey":"BXphNlmrHCtriznEWhZriVYxdFFgOtclhfAy0MS6Au9V"},"_chains":{"Be8NHQa4DP72cbq5D8z4vwN/W4PNlK3hXOWA3WdkXZ8r":{"chainKey":{"counter":1,"key":"k40CkmDsTi3yDS6OiWCR/q7XAxIDzYyNAYWrvpHs34k="},"chainType":1,"messageKeys":{}}},"pendingPreKey":{"signedKeyId":4,"baseKey":"BaD7GCDDLQ6JnKfAmgNVVAHESWy+lhKwk2hK7kZq4Dd5","preKeyId":15203974}}},"version":"v1"}