{"_sessions":{"BRdsZxkMFToHHYji9TllqMu1ZhZX2aKG3XYJtYWFkVtb":{"registrationId":533543766,"currentRatchet":{"ephemeralKeyPair":{"pubKey":"BUlazD5XgfsXDKB7xU9R5cajD04uYxBdGcI9s/9Kyb46","privKey":"GObbblFrXv0N8HkgI0pmZzrFtI2eQVadgloyjM8T2kA="},"lastRemoteEphemeralKey":"BbkytywDQHMipLPNLVZHJCGolBgyp2Bje7oPkzGG1nxG","previousCounter":0,"rootKey":"I2Kqae3GTrvChftuF8Wi9JubK37O6zv3CXBdsZBFgFA="},"indexInfo":{"baseKey":"BRdsZxkMFToHHYji9TllqMu1ZhZX2aKG3XYJtYWFkVtb","baseKeyType":1,"closed":-1,"used":1760428999750,"created":1760428999750,"remoteIdentityKey":"Bcbm9aGcRtp5gD8jnzKNWLtAUsNEQd+3J69OGbekQOA9"},"_chains":{"BUlazD5XgfsXDKB7xU9R5cajD04uYxBdGcI9s/9Kyb46":{"chainKey":{"counter":1,"key":"8/6iLtZz4gIlqxmKg2ek1BuBeqGBDqyO85tUYCS5Eaw="},"chainType":1,"messageKeys":{}}},"pendingPreKey":{"signedKeyId":11,"baseKey":"BRdsZxkMFToHHYji9TllqMu1ZhZX2aKG3XYJtYWFkVtb","preKeyId":4903262}}},"version":"v1"}