{"_sessions":{"BaHOqI3L/b5hqEpB7GjQwvzNbxi5nRObk2ELdOh3KwRO":{"registrationId":20079384,"currentRatchet":{"ephemeralKeyPair":{"pubKey":"Bb0SNY2IiiEIIYBzC+dyKCfZagPNVe4ED144P/XYesVI","privKey":"oFPoqOfmkopYNYOzvCkx7Hu5IDS0o0utNI81ut5BVn8="},"lastRemoteEphemeralKey":"BVniI8xByJL7Sh8psQ0P8jaTQC0PY7JuebNim4DQdvJA","previousCounter":0,"rootKey":"3Oc3EoLZ3rmG5T+037qoXz7DThNEJMYzGTTw8oFzjfQ="},"indexInfo":{"baseKey":"BaHOqI3L/b5hqEpB7GjQwvzNbxi5nRObk2ELdOh3KwRO","baseKeyType":1,"closed":-1,"used":1760432879629,"created":1760429001728,"remoteIdentityKey":"Bb/3YWxQ/vgReuNDAw+QRBwNIj22T/+3iQ5HluCVyLNK"},"_chains":{"BVniI8xByJL7Sh8psQ0P8jaTQC0PY7JuebNim4DQdvJA":{"chainKey":{"counter":0,"key":"1JhnupxgzEznIgFFpHdyFiP7anuiPy+a6hW+qgTrYyo="},"chainType":2,"messageKeys":{}},"Bb0SNY2IiiEIIYBzC+dyKCfZagPNVe4ED144P/XYesVI":{"chainKey":{"counter":0,"key":"HjfvvQRPHWHguKQyq/mbWiWgLeSAvgl5BjO9yh4ZRNY="},"chainType":1,"messageKeys":{}}}}},"version":"v1"}