{"_sessions":{"BVae8mEhOQXvubdVwJaAconeow6Bp7VcLmjhiYwhWcIk":{"registrationId":1686684642,"currentRatchet":{"ephemeralKeyPair":{"pubKey":"BWmw69Q0lgZINAV4L4xadI6zWk0fUjX2Dlef9x+Y5fwY","privKey":"CD2gnIV1MbT9sB2RvTykAIvY6aWyiFL47Y2mXzIyZHI="},"lastRemoteEphemeralKey":"BRo+vi33HGVxoFLhyYMBV7m1h2JPtyKTUZTTnJ3C460w","previousCounter":0,"rootKey":"KAlgVyeSaxflLYmPbiFN4LjRKZoHzBRZIk/x1lFA220="},"indexInfo":{"baseKey":"BVae8mEhOQXvubdVwJaAconeow6Bp7VcLmjhiYwhWcIk","baseKeyType":1,"closed":-1,"used":1760428999991,"created":1760428999991,"remoteIdentityKey":"BdK/3h23D/f0dJSgHFqf827s8p+8qruNMt2REuuimOIx"},"_chains":{"BWmw69Q0lgZINAV4L4xadI6zWk0fUjX2Dlef9x+Y5fwY":{"chainKey":{"counter":1,"key":"tHMrAKnxHU/4pO88eWehe0kTr/mzpPAwJiyeM8cACdA="},"chainType":1,"messageKeys":{}}},"pendingPreKey":{"signedKeyId":5,"baseKey":"BVae8mEhOQXvubdVwJaAconeow6Bp7VcLmjhiYwhWcIk","preKeyId":15910986}}},"version":"v1"}