{"_sessions":{"BeW2IQ2lKkEQYDUz0aHSJflDqj4M6I+9zLOjIlxKh9kQ":{"registrationId":996295856,"currentRatchet":{"ephemeralKeyPair":{"pubKey":"BQsomvmYLwuR2D1l1OFHytC8PXkIi9EKnYavO9gkgbBP","privKey":"YB3wuV/4LSI97OeUGCLKv8regL5kc77q4b43HPfHOVw="},"lastRemoteEphemeralKey":"BednThVdfXVwmeIH3O944N3IAyTeVaBxH5eM3w9TT8lJ","previousCounter":0,"rootKey":"qrAGtAhDTiz4QSR1YibpHvBryFI2GFnCONvEEv/S8ac="},"indexInfo":{"baseKey":"BeW2IQ2lKkEQYDUz0aHSJflDqj4M6I+9zLOjIlxKh9kQ","baseKeyType":2,"closed":-1,"used":1760436209398,"created":1760421603043,"remoteIdentityKey":"BbZ6wTvWUmS+mvH0p5D9X2zBAZ+VgGWHz0v4vOvVrT4T"},"_chains":{"BWyO96Vg0hF5Dz0y8lVS6u1sQITtcSF/b/1bKpOyfAkr":{"chainKey":{"counter":1},"chainType":2,"messageKeys":{}},"BednThVdfXVwmeIH3O944N3IAyTeVaBxH5eM3w9TT8lJ":{"chainKey":{"counter":0,"key":"rRSnX2JDwbmkVdv3c3vOFd5ASAUHJDlF2yh12gUGvqk="},"chainType":2,"messageKeys":{}},"BQsomvmYLwuR2D1l1OFHytC8PXkIi9EKnYavO9gkgbBP":{"chainKey":{"counter":0,"key":"jSlW5mEXdhJkFSSHCMGzwAoG0qqVuzledDauX95SwSI="},"chainType":1,"messageKeys":{}}}}},"version":"v1"}