{"_sessions":{"BaGaIrXo3s1WeCf4xqyYdiT3n8KkuzzKLNecr0MUzIoC":{"registrationId":2031538300,"currentRatchet":{"ephemeralKeyPair":{"pubKey":"BTab9Ydd0wep0NuJaVY486RCITqKXUrxf1fp8z3YbWRd","privKey":"AB2zDNWinof88noozyAjeQ+Bj2SoCSZs7/SzdRBYq1k="},"lastRemoteEphemeralKey":"BfFbAopFEUWiUUQ/bdp7ouy/h70QhmDCgHv5I63LZUtY","previousCounter":0,"rootKey":"8AsuJ05UeJIQ5vpw0ADcGcnsAtpXNiYcMBkDkr0x0T8="},"indexInfo":{"baseKey":"BaGaIrXo3s1WeCf4xqyYdiT3n8KkuzzKLNecr0MUzIoC","baseKeyType":1,"closed":-1,"used":1760429001135,"created":1760429001135,"remoteIdentityKey":"BYLyqXKcZSYvH4QzaZex9eH0rYIHwVwIdkUtyI4wzYUm"},"_chains":{"BTab9Ydd0wep0NuJaVY486RCITqKXUrxf1fp8z3YbWRd":{"chainKey":{"counter":1,"key":"QBajhgBEqsllZebv7HpylC2Ol8RLHcJKcRgOvahbMGk="},"chainType":1,"messageKeys":{}}},"pendingPreKey":{"signedKeyId":0,"baseKey":"BaGaIrXo3s1WeCf4xqyYdiT3n8KkuzzKLNecr0MUzIoC","preKeyId":9031026}}},"version":"v1"}