{"_sessions":{"BVi8KXzcpbRnfMMPz8wj5oXYP3DpspUC/Ln3RYRVoTNy":{"registrationId":2134759134,"currentRatchet":{"ephemeralKeyPair":{"pubKey":"BUOxHC2pR8iGrU7mpMAeQ+k6AR/YOwGjc3lSuRqEkHsF","privKey":"WLOsGgwPqZvJhHd71jpmFWP8KQ7FUKjegHoB+rPNhHY="},"lastRemoteEphemeralKey":"Bans2Ij6g40jT5hUiP1iN0OFu6cqf+gG9pdr0sK9brtF","previousCounter":1,"rootKey":"1aMdnysk3WmjWj0rKe2NqJ+h+VVUEbDdKip10+vF+V4="},"indexInfo":{"baseKey":"BVi8KXzcpbRnfMMPz8wj5oXYP3DpspUC/Ln3RYRVoTNy","baseKeyType":2,"closed":-1,"used":1760439184737,"created":1760421908683,"remoteIdentityKey":"BTlFlUdny4TWSrsN/7DRD2abo+JnL0OjWhzoQTo6hTYh"},"_chains":{"BQXv8V9BmdxIqU39ClqPPgi6oXTLhr74V6EWhj0Escht":{"chainKey":{"counter":12},"chainType":2,"messageKeys":{}},"Bans2Ij6g40jT5hUiP1iN0OFu6cqf+gG9pdr0sK9brtF":{"chainKey":{"counter":1,"key":"R9xzcDyg/uyQgUT8eK/PR1WxBwYE4vAeFuDGV/TcMOo="},"chainType":2,"messageKeys":{}},"BUOxHC2pR8iGrU7mpMAeQ+k6AR/YOwGjc3lSuRqEkHsF":{"chainKey":{"counter":-1,"key":"kijhyk1IupUfWTotZwqsa1GrtAAMcqhYEwUbk5SSinQ="},"chainType":1,"messageKeys":{}}}}},"version":"v1"}