{"_sessions":{"BSf106DxA4UcV2fq03fawDkR31GRCXY7jFiRJu99HZtX":{"registrationId":2127497316,"currentRatchet":{"ephemeralKeyPair":{"pubKey":"Be2fXS+T3FUd7kZ8s3/0KV7KGqeoHYwyNIgVnGIFP0EK","privKey":"mHATa4mDDZEatTOIEQzVtCjtTUF+rz6bD/VL3KWeCmw="},"lastRemoteEphemeralKey":"BXmtEQhQI+du21BsPZ5kFRp/HWNgvszZuOPP5Nk7pWxb","previousCounter":0,"rootKey":"UHvvM6lVjhuxdwA71I0xQI9lPBqP0U9Hq+h8z+zagyA="},"indexInfo":{"baseKey":"BSf106DxA4UcV2fq03fawDkR31GRCXY7jFiRJu99HZtX","baseKeyType":1,"closed":-1,"used":1760429000343,"created":1760429000343,"remoteIdentityKey":"BWuNtk8XMpRz3ku/QRwODQnmiYF/1nA5+b3nCWtT3B01"},"_chains":{"Be2fXS+T3FUd7kZ8s3/0KV7KGqeoHYwyNIgVnGIFP0EK":{"chainKey":{"counter":1,"key":"QjCa48WjsohpbbM+UWbEAmdZoLSEIqVVhFrblhunrbU="},"chainType":1,"messageKeys":{}}},"pendingPreKey":{"signedKeyId":7,"baseKey":"BSf106DxA4UcV2fq03fawDkR31GRCXY7jFiRJu99HZtX","preKeyId":4876047}}},"version":"v1"}