{"_sessions":{"BdEGz6sZVzX+7bSHqmy+4Rcytw9F3qN+gRmwUZU3afNi":{"registrationId":355639156,"currentRatchet":{"ephemeralKeyPair":{"pubKey":"BYzTtzooXMg4PPMbW7wD0HDjhHw1DT/XK8M2wWkiczlF","privKey":"QACuQQ4jQmLVImFqf9ayuTW+f0MDAJPJryhI3BDeKmI="},"lastRemoteEphemeralKey":"BV0kzxpr+I9YZFAWki2rw0bKhDR31QRWwKp8+1s+xCpt","previousCounter":0,"rootKey":"LzMTKH576tmWAp0RuPEYkWQIGxiM4LDh2MpAH9OtYPw="},"indexInfo":{"baseKey":"BdEGz6sZVzX+7bSHqmy+4Rcytw9F3qN+gRmwUZU3afNi","baseKeyType":1,"closed":-1,"used":1760428999662,"created":1760428999662,"remoteIdentityKey":"BV5vbFUVoTKkFcEjcaKAUNHYaqRk9nSa9E91faQ6S+Bm"},"_chains":{"BYzTtzooXMg4PPMbW7wD0HDjhHw1DT/XK8M2wWkiczlF":{"chainKey":{"counter":1,"key":"A/Ir1J2jta6cBpzmGTyHejCTE4RsQng+mrwnmvXVe0Y="},"chainType":1,"messageKeys":{}}},"pendingPreKey":{"signedKeyId":0,"baseKey":"BdEGz6sZVzX+7bSHqmy+4Rcytw9F3qN+gRmwUZU3afNi","preKeyId":9129138}}},"version":"v1"}