{"_sessions":{"BbupAxu93IdaBGhEIorQNhnFPoXedDisaMjf51ORhiQH":{"registrationId":1264205040,"currentRatchet":{"ephemeralKeyPair":{"pubKey":"BcTzqfVcqjkumLtdmWWFkmilrNqq+tNoE65vNZLXY84U","privKey":"qF3FK7Qs0jQnd3QrGOJhH4cqSBJgv1Lo1+1xliw7qXY="},"lastRemoteEphemeralKey":"BXdqVWCDpApLz5XPQ0B2B+BsTcrZSMJfm25P170UATdh","previousCounter":0,"rootKey":"ZsF7B8hGMImdrpL1bqWwa4UnTnbExIXxY2pC75X/mks="},"indexInfo":{"baseKey":"BbupAxu93IdaBGhEIorQNhnFPoXedDisaMjf51ORhiQH","baseKeyType":1,"closed":-1,"used":1760430703376,"created":1760429000684,"remoteIdentityKey":"BWtrdUqpBqO5IZTQeTrvxPjepo1XZSD9hr2w7W19qKtg"},"_chains":{"BXdqVWCDpApLz5XPQ0B2B+BsTcrZSMJfm25P170UATdh":{"chainKey":{"counter":0,"key":"uWnjfygzfZAJBc1yzdHQTvm7NmKh4rTRnBoCDPjqXnU="},"chainType":2,"messageKeys":{}},"BcTzqfVcqjkumLtdmWWFkmilrNqq+tNoE65vNZLXY84U":{"chainKey":{"counter":0,"key":"j/hjOirL0nk5qNHWrDp0XjT0tDitZAWiexFLp6q72Xo="},"chainType":1,"messageKeys":{}}}}},"version":"v1"}