{"_sessions":{"BRIaysdFmAfpijuJVhOx6DBDdSAWiMcAV9X0hL6V97V5":{"registrationId":804437283,"currentRatchet":{"ephemeralKeyPair":{"pubKey":"Bb1tqenId1eOKOqaBIr4Akxsx/rfRFUsoQRgczIpLbsd","privKey":"UJv+WWdw8j9m9yoNJZwIqKv/LMDaQyBH4DBxDS2rhko="},"lastRemoteEphemeralKey":"BV7bkbb7aW7YSf83EkmHPn8LtIU+WQtZme7k1+0DGn4D","previousCounter":0,"rootKey":"7KKpGbXAJoMdY/W1s0vZYvIyaIknc9RBQOYna7ZIkrg="},"indexInfo":{"baseKey":"BRIaysdFmAfpijuJVhOx6DBDdSAWiMcAV9X0hL6V97V5","baseKeyType":1,"closed":-1,"used":1760424492319,"created":1760424492319,"remoteIdentityKey":"BWriYvKqlaqyZWYYy1B7VbkxbkIwCWqfou/nmsdLw6Mw"},"_chains":{"Bb1tqenId1eOKOqaBIr4Akxsx/rfRFUsoQRgczIpLbsd":{"chainKey":{"counter":0,"key":"kvswN9g0Z+P/9VrFPzAVuEVzqah1Wyr8JONEwLM+PkQ="},"chainType":1,"messageKeys":{}}},"pendingPreKey":{"signedKeyId":14305025,"baseKey":"BRIaysdFmAfpijuJVhOx6DBDdSAWiMcAV9X0hL6V97V5","preKeyId":8886}}},"version":"v1"}