{"_sessions":{"BX3C5NrJYETYtpJzIw3Md9AjAfZJeES69wlMW2uIyjBi":{"registrationId":987543881,"currentRatchet":{"ephemeralKeyPair":{"pubKey":"BYwQH/bYRsDjpynzvlWp/ElApL5/TBW4HE4cvE4tE+Vt","privKey":"aOq5rNzLG4Uyr/SLL/uymDOC+ivKPtIvRguHW97gRF0="},"lastRemoteEphemeralKey":"BSIGlJdfF3M+9zbTBrDVDKkZzU7yO9QG8Ke+F8wqwHk3","previousCounter":0,"rootKey":"3WuwqInflfAMVH5LJZqoDCe6Nl/lqo9sU/kIt1aGmp8="},"indexInfo":{"baseKey":"BX3C5NrJYETYtpJzIw3Md9AjAfZJeES69wlMW2uIyjBi","baseKeyType":1,"closed":-1,"used":1760429001781,"created":1760429001781,"remoteIdentityKey":"BQB7l3daMpjxop+8T6jHl9FkEHqtg+4fT6kNjLr4a+5E"},"_chains":{"BYwQH/bYRsDjpynzvlWp/ElApL5/TBW4HE4cvE4tE+Vt":{"chainKey":{"counter":1,"key":"PELZ89aEOmhYSiGa7Ze7/5t0mVAr4qFz9XvQjkEHPEQ="},"chainType":1,"messageKeys":{}}},"pendingPreKey":{"signedKeyId":3,"baseKey":"BX3C5NrJYETYtpJzIw3Md9AjAfZJeES69wlMW2uIyjBi","preKeyId":2191056}}},"version":"v1"}