{"_sessions":{"BR4GbxUKZpulGaysbmgnv+puDQ6+HazYePPAdOO9VoN5":{"registrationId":2006805029,"currentRatchet":{"ephemeralKeyPair":{"pubKey":"Bd4wUG6VBO9zIkDsl0wMeYTQ18MSnHCDcsi/Xy41qqpi","privKey":"uMNKoXMUAQig5uECLUZ2Xde5ip5yLQdlgRSQXRAyeX8="},"lastRemoteEphemeralKey":"BfQoK2vtuU+OPSoLULb2C/vDMwgpWqy4E7YuhwPzRil7","previousCounter":0,"rootKey":"nujLWKQK92eQvvC9D/o6rnuZ+kWlyzV9yr3AlvSsr8Y="},"indexInfo":{"baseKey":"BR4GbxUKZpulGaysbmgnv+puDQ6+HazYePPAdOO9VoN5","baseKeyType":1,"closed":-1,"used":1760429000829,"created":1760429000829,"remoteIdentityKey":"Ba+b5qS0JzMw44EhE6eUIDm7JgoscV/bJBs0W5ShviB2"},"_chains":{"Bd4wUG6VBO9zIkDsl0wMeYTQ18MSnHCDcsi/Xy41qqpi":{"chainKey":{"counter":1,"key":"uTCgKZRZci6fsB8MCdFlZb9V02lWy6rvgZZCAP9t3F4="},"chainType":1,"messageKeys":{}}},"pendingPreKey":{"signedKeyId":9,"baseKey":"BR4GbxUKZpulGaysbmgnv+puDQ6+HazYePPAdOO9VoN5","preKeyId":5597387}}},"version":"v1"}