{"_sessions":{"BTS8JvyqNHAyM/tjhc6JsGSlSpirhi/eB3Xy7JZrOElZ":{"registrationId":376257061,"currentRatchet":{"ephemeralKeyPair":{"pubKey":"BX3tIdf1GABU4SzTq1O75najDop2If/fdcnECR/98MYU","privKey":"KP9srPpQm0xdW/Jf9E/DqoxvFIKPsMWJApCmpnddkl8="},"lastRemoteEphemeralKey":"BasD9hLhwx4WzkB9UnhzoXY56klM6I4m2+pUbPpEKLZw","previousCounter":0,"rootKey":"Rv9/v4qP4GiQI657DqpHKVjyK9Fi64h9KAWf4ZOPmak="},"indexInfo":{"baseKey":"BTS8JvyqNHAyM/tjhc6JsGSlSpirhi/eB3Xy7JZrOElZ","baseKeyType":1,"closed":-1,"used":1760429002076,"created":1760429002076,"remoteIdentityKey":"BYqbtUovFda4RGrfoQyysrJIwvihstyMlpBu3lqzt6AB"},"_chains":{"BX3tIdf1GABU4SzTq1O75najDop2If/fdcnECR/98MYU":{"chainKey":{"counter":1,"key":"ZRPw2dlbBm82GUpq4wvWcA2d9gnLn9sOx+wAu3uoFq4="},"chainType":1,"messageKeys":{}}},"pendingPreKey":{"signedKeyId":1,"baseKey":"BTS8JvyqNHAyM/tjhc6JsGSlSpirhi/eB3Xy7JZrOElZ","preKeyId":15723257}}},"version":"v1"}