{"_sessions":{"BblIAGOWBmPt0ixVLLkeKSOHUQhjgMuQ9vZNWExMTzsI":{"registrationId":1313270174,"currentRatchet":{"ephemeralKeyPair":{"pubKey":"BSKiLDutGFeEhIo2/SQ+N8VtJzegmFMe60VP+1anNlEn","privKey":"WEvuYjzUyJouFYMohGbFYvaY28qTvXsWFxzmuBMLbXA="},"lastRemoteEphemeralKey":"BSN0niubvidBJq8rnp2xtVQi+JL7rw7HhmMxnsD8b5Nk","previousCounter":0,"rootKey":"HvpHZkJJ/D7ex5R68VJlh6z2WFMyeiDusL4QXZAflfc="},"indexInfo":{"baseKey":"BblIAGOWBmPt0ixVLLkeKSOHUQhjgMuQ9vZNWExMTzsI","baseKeyType":1,"closed":-1,"used":1760436078601,"created":1760429000040,"remoteIdentityKey":"BX+G8KDV+Ppdy9Cv9uaaNjaTUSqfdoQ9lCn9Qncl1nsa"},"_chains":{"BSN0niubvidBJq8rnp2xtVQi+JL7rw7HhmMxnsD8b5Nk":{"chainKey":{"counter":0,"key":"o/m6gKgktIE7ZJn7N1Ian6RgYUvBXQ3jTdMEUU4ktLg="},"chainType":2,"messageKeys":{}},"BSKiLDutGFeEhIo2/SQ+N8VtJzegmFMe60VP+1anNlEn":{"chainKey":{"counter":0,"key":"5YO6QKKx6N5o9F2hanKC6Y/DYeby77xJUwV6plZpl2o="},"chainType":1,"messageKeys":{}}}}},"version":"v1"}