{"_sessions":{"Ba0n1Jo5pbpccCADrdJEbKHBZ1sD4dscvvqB4JvU4UVU":{"registrationId":229105835,"currentRatchet":{"ephemeralKeyPair":{"pubKey":"BU58W1VeNrMy4q3wCHqLBT6sp3afRJozN2GmCN2tFUlf","privKey":"IBdjw8cc0mqA1fNJa3kzLl6fcMhhz7LQNGsf6Y2RhUY="},"lastRemoteEphemeralKey":"BSqWnpPD+1aGKyUDRWETjigFpitz3QLaJQavdVfR7eJO","previousCounter":0,"rootKey":"LIuC9NOiOAuB5BAXvp+q3xDNZF8f7kdkrWEyfzmEIAU="},"indexInfo":{"baseKey":"Ba0n1Jo5pbpccCADrdJEbKHBZ1sD4dscvvqB4JvU4UVU","baseKeyType":1,"closed":-1,"used":1760428999733,"created":1760428999733,"remoteIdentityKey":"BdiT8gdtqY+Y+9tUdamYr4q0lkQcAJugV6xWNUBBdGF3"},"_chains":{"BU58W1VeNrMy4q3wCHqLBT6sp3afRJozN2GmCN2tFUlf":{"chainKey":{"counter":1,"key":"oRsvKdCdJAmrvY4KzXlXKxwzthrJPADM6lgwLhhXHbs="},"chainType":1,"messageKeys":{}}},"pendingPreKey":{"signedKeyId":8,"baseKey":"Ba0n1Jo5pbpccCADrdJEbKHBZ1sD4dscvvqB4JvU4UVU","preKeyId":8849209}}},"version":"v1"}