{"_sessions":{"BVAv75zx0nWUrw507mVforxXv8dk4xruMTKRRYajtPJI":{"registrationId":148530475,"currentRatchet":{"ephemeralKeyPair":{"pubKey":"BXBeCe6lCldaU25uKK95JDMGJpCC62j2UeN5Ba7XBJZm","privKey":"WEEH3x7jufiIOS2kmxxqmYPQyXLFnZuGLepKOkCxg2U="},"lastRemoteEphemeralKey":"Beb8lWE/lz2bN3tDwzUDt2it2RWHkU5nEjkwZrz03jgk","previousCounter":0,"rootKey":"LoqM5k7jRYfnUo3gRtqwBWCYeuKTy09ZOwd9Jx4vQ7w="},"indexInfo":{"baseKey":"BVAv75zx0nWUrw507mVforxXv8dk4xruMTKRRYajtPJI","baseKeyType":1,"closed":-1,"used":1760429001540,"created":1760429001540,"remoteIdentityKey":"BTcYY5etFPF2SJduzZ7TeAAZ999hOFmlYaKX19QsWG1V"},"_chains":{"BXBeCe6lCldaU25uKK95JDMGJpCC62j2UeN5Ba7XBJZm":{"chainKey":{"counter":1,"key":"akayczCme8yq/mgYhW5U94A1PtNllCrfI4DKutn1bx0="},"chainType":1,"messageKeys":{}}},"pendingPreKey":{"signedKeyId":1,"baseKey":"BVAv75zx0nWUrw507mVforxXv8dk4xruMTKRRYajtPJI","preKeyId":2393691}}},"version":"v1"}