{"_sessions":{"BbLAYX01Bb4kl2P8Zcjv40JcobLMdab5OzyBCpHjVGs3":{"registrationId":1094082134,"currentRatchet":{"ephemeralKeyPair":{"pubKey":"Bbd7NGNOsJ5SfG5Z0syQ19AYx+AYFwC3E+wBWUXKdg05","privKey":"0F/31dkcojfYSbVORhiAGxMI+NjS3+TVGggAqpcK8mw="},"lastRemoteEphemeralKey":"BUmtOzoncpk4kFKLSSsuK+WJTlP4nzGBPjB68JidgXVG","previousCounter":0,"rootKey":"4NE1Z8+C0WT+ogrxXkm2vDpyQ4DUPKx1JoPlVvyMuAs="},"indexInfo":{"baseKey":"BbLAYX01Bb4kl2P8Zcjv40JcobLMdab5OzyBCpHjVGs3","baseKeyType":1,"closed":-1,"used":1760428999932,"created":1760428999932,"remoteIdentityKey":"BbKzhztBOqEYtjnNl2i+qcnS0mPHGNpnqFBsO1Btthpi"},"_chains":{"Bbd7NGNOsJ5SfG5Z0syQ19AYx+AYFwC3E+wBWUXKdg05":{"chainKey":{"counter":1,"key":"LsZjw/sgZQtqTNPLZe1r7iNKakewAe7XNYyB8AnBBls="},"chainType":1,"messageKeys":{}}},"pendingPreKey":{"signedKeyId":4,"baseKey":"BbLAYX01Bb4kl2P8Zcjv40JcobLMdab5OzyBCpHjVGs3","preKeyId":16230119}}},"version":"v1"}