{"_sessions":{"BZEKc+5w9E7k5y79aP1W1tBU1cVWSMC2reOX6JPbLrBV":{"registrationId":267792643,"currentRatchet":{"ephemeralKeyPair":{"pubKey":"BW5Zyc5DMPpoAEw56IMyWznWJF+Cl2xUxOxSPBg5M4BU","privKey":"kHjbfOsD8ljw1cJsJyeLhJUoOqZ8eAifraDb54w9O18="},"lastRemoteEphemeralKey":"BZJF7OHMG1cyEIpCgSNv0TUag03cK4gMX29QrIISmO1e","previousCounter":0,"rootKey":"/756qbB8CjWscJOj/DlFcbOwz+CYLFhUyd3Jo5p45Ek="},"indexInfo":{"baseKey":"BZEKc+5w9E7k5y79aP1W1tBU1cVWSMC2reOX6JPbLrBV","baseKeyType":1,"closed":-1,"used":1760428999615,"created":1760428999615,"remoteIdentityKey":"BVUAnNS2Lt+o9TGhPjqyoa+0cY8Sc6MpnvJiG6NMoHhI"},"_chains":{"BW5Zyc5DMPpoAEw56IMyWznWJF+Cl2xUxOxSPBg5M4BU":{"chainKey":{"counter":1,"key":"WpYyc6pWa6xNYRJaFjOC0ce8HjMjs3AIlvcKbucJTiU="},"chainType":1,"messageKeys":{}}},"pendingPreKey":{"signedKeyId":1,"baseKey":"BZEKc+5w9E7k5y79aP1W1tBU1cVWSMC2reOX6JPbLrBV","preKeyId":10298713}}},"version":"v1"}