{"_sessions":{"BcEeimuGMzcqTTXhfyWzUTzNvvjD/ErXKD3+ZRjqsUc+":{"registrationId":1749694636,"currentRatchet":{"ephemeralKeyPair":{"pubKey":"BZ6VwEgODiOgyVrVFAjVJ5x79ZsSnFx3dich9YaYLa5Z","privKey":"IKFseznUpn3AZFF1XFsMp4P4GG5ZYbTfVhLMWDjkFGY="},"lastRemoteEphemeralKey":"BYb+haEmQw+F9KrDd32vjbPfY9IraoItGJI9bokBczsE","previousCounter":0,"rootKey":"mw/HdkIn9MhtEca6Onjck09GBqiwCOsPzfqkfOzbmwc="},"indexInfo":{"baseKey":"BcEeimuGMzcqTTXhfyWzUTzNvvjD/ErXKD3+ZRjqsUc+","baseKeyType":1,"closed":-1,"used":1760429001820,"created":1760429001820,"remoteIdentityKey":"Ba9enVyDEc0WX55vJ7GsMGdLXFJ0XfwOC4J8NfMjrl5d"},"_chains":{"BZ6VwEgODiOgyVrVFAjVJ5x79ZsSnFx3dich9YaYLa5Z":{"chainKey":{"counter":1,"key":"C3DKj7P+F7JoxM+j0txrHGKFED5+91aXmI9BySZHirM="},"chainType":1,"messageKeys":{}}},"pendingPreKey":{"signedKeyId":10,"baseKey":"BcEeimuGMzcqTTXhfyWzUTzNvvjD/ErXKD3+ZRjqsUc+","preKeyId":6164660}}},"version":"v1"}