{"_sessions":{"Bdq/UnJXLyxlPbFb9FrETv7oaMqaTSCx7vwKujm7yKE/":{"registrationId":1523312108,"currentRatchet":{"ephemeralKeyPair":{"pubKey":"BeEoc4Yr5peWKKtio04tbYGeSwqOEQ44ZVMRmjSSpEYX","privKey":"UIELEIcIpsU16hCuNDhuje4P2rGfvoG0Kfy8aZvE2Fk="},"lastRemoteEphemeralKey":"BROoQ6/lmlY/BnBD0S0pfx9w3EBCpyajrlDXY4E5NOJI","previousCounter":0,"rootKey":"yMtTL8az+b2IscIw+AngpBWXR8pNnLCHe1TbkuKpjPU="},"indexInfo":{"baseKey":"Bdq/UnJXLyxlPbFb9FrETv7oaMqaTSCx7vwKujm7yKE/","baseKeyType":1,"closed":-1,"used":1760428999822,"created":1760428999822,"remoteIdentityKey":"BU096EZMEL9V5RA/o2nLNfsdVqa7kBOEuLiUDk6mfe8i"},"_chains":{"BeEoc4Yr5peWKKtio04tbYGeSwqOEQ44ZVMRmjSSpEYX":{"chainKey":{"counter":1,"key":"196qfPIPjIClgKFSUt6IGNLqiY1rkbqYw95PAWOZ5ig="},"chainType":1,"messageKeys":{}}},"pendingPreKey":{"signedKeyId":4,"baseKey":"Bdq/UnJXLyxlPbFb9FrETv7oaMqaTSCx7vwKujm7yKE/","preKeyId":8941678}}},"version":"v1"}