{"_sessions":{"BWii1dFrrFzm6FF6qP5Bgh0q9895G3s0sHInE/hBlaMl":{"registrationId":1197155713,"currentRatchet":{"ephemeralKeyPair":{"pubKey":"BaRZhHz8LdvJtXG2QfyC4ShkgvzFJhLHz/8+7CtZFJce","privKey":"kMdox5TLDm5OnlBDQmTcmRkzK2Nve14Xf+BaHwQRI08="},"lastRemoteEphemeralKey":"Bas2T3rCW38jr7Y8wknkRRyKcNvKoOn2ZZ0/GMB4zUlI","previousCounter":0,"rootKey":"APCHVBTvNyucqFiNIfGYQ2n9Js6umn0zU254lTjnh68="},"indexInfo":{"baseKey":"BWii1dFrrFzm6FF6qP5Bgh0q9895G3s0sHInE/hBlaMl","baseKeyType":1,"closed":-1,"used":1760429000005,"created":1760429000005,"remoteIdentityKey":"Bc3Xol1Ab0yUAcNVB28phGniZYcP8oz6192Yy0SCCpRo"},"_chains":{"BaRZhHz8LdvJtXG2QfyC4ShkgvzFJhLHz/8+7CtZFJce":{"chainKey":{"counter":1,"key":"+p7jd4mW9OgWdu1lRCzvg2h3WyTy8VdqAwY8O0h9CoE="},"chainType":1,"messageKeys":{}}},"pendingPreKey":{"signedKeyId":4,"baseKey":"BWii1dFrrFzm6FF6qP5Bgh0q9895G3s0sHInE/hBlaMl"}}},"version":"v1"}