{"_sessions":{"Bft3IZKtpA2RDlQdl8peph9bbeQUqg7g1ufSBpu1zvMm":{"registrationId":191672102,"currentRatchet":{"ephemeralKeyPair":{"pubKey":"BUWsl5rhxdA7f7iamwR08iWu1GpJDMi9Hzs6JP31SBx6","privKey":"UHG/iNWGjFzOutpWLsnix4c69U+dYKA6U3ve+My00F4="},"lastRemoteEphemeralKey":"BZNeOwNIn8AU3Ru1omRpyShaaZ5cNagfUuPGmkPlJSw1","previousCounter":1,"rootKey":"GjjJTsQ1O1ow5vemW/f3UjvPa7IM6ZlJo3kWdO5LWRM="},"indexInfo":{"baseKey":"Bft3IZKtpA2RDlQdl8peph9bbeQUqg7g1ufSBpu1zvMm","baseKeyType":2,"closed":-1,"used":1760359150300,"created":1760359029601,"remoteIdentityKey":"BUz7/VAPOiV47Pdgrd3mlM/mSGTY6pGndxdPojqLyRoN"},"_chains":{"BTfj5LDFETfF5aHrzVdqchK2l2FEQF5yI7POsjEK5kdv":{"chainKey":{"counter":1},"chainType":2,"messageKeys":{}},"Be0opf2iiLDZY1b196yS5RQuZi7thYeyNCS5ZETLgSI+":{"chainKey":{"counter":0},"chainType":2,"messageKeys":{}},"BeGM8yld+7GmGlEbS/mA0L2/kNss5aMprcuXOqaCBBso":{"chainKey":{"counter":0},"chainType":2,"messageKeys":{}},"BZNeOwNIn8AU3Ru1omRpyShaaZ5cNagfUuPGmkPlJSw1":{"chainKey":{"counter":0,"key":"sP7h/hYTSfuuwgzmmTdiEkm+DwCcn0dnP7eCYL9Qu+w="},"chainType":2,"messageKeys":{}},"BUWsl5rhxdA7f7iamwR08iWu1GpJDMi9Hzs6JP31SBx6":{"chainKey":{"counter":-1,"key":"1gdSGIOQQ0Cn+6kbpVlid9tMF8+pj4p0QunbDea1C2c="},"chainType":1,"messageKeys":{}}}}},"version":"v1"}