{"_sessions":{"Bb1Y1cl1v7y3L+x7CAYkiAH8kbuNCflxW2fgpuDEDo9t":{"registrationId":1685219206,"currentRatchet":{"ephemeralKeyPair":{"pubKey":"BR0Cezd4UZiIe6D7HVOvb97o5XduRjPZmBRkWyfA7xJZ","privKey":"EGuBW29qnPFv53Mz6YhzcM9KY5WGjydszandiF/ST3Q="},"lastRemoteEphemeralKey":"BaALAmstE0hfKtpBHz7mGq1kileDaS3cuhySMomYgD0W","previousCounter":0,"rootKey":"BjowCzPxh+itUwIhMcGDNI0CwpSTaMtK43+94Rogf6M="},"indexInfo":{"baseKey":"Bb1Y1cl1v7y3L+x7CAYkiAH8kbuNCflxW2fgpuDEDo9t","baseKeyType":1,"closed":-1,"used":1760429001951,"created":1760429001951,"remoteIdentityKey":"BbRbTFwe4q8qQlic9VoVl58Oq5rt64BS++drnbdKvsUK"},"_chains":{"BR0Cezd4UZiIe6D7HVOvb97o5XduRjPZmBRkWyfA7xJZ":{"chainKey":{"counter":1,"key":"lXke1FnJmMo5ehHRPL9YKFiMZMA4Ix0uRa0Bc20NDZI="},"chainType":1,"messageKeys":{}}},"pendingPreKey":{"signedKeyId":7,"baseKey":"Bb1Y1cl1v7y3L+x7CAYkiAH8kbuNCflxW2fgpuDEDo9t","preKeyId":10163384}}},"version":"v1"}