{"_sessions":{"BVPLLg4XCKP6MFE4pU7bqAJ3rI98GNDqKxTED59gd7xk":{"registrationId":186157509,"currentRatchet":{"ephemeralKeyPair":{"pubKey":"Bd3VvHjcFbkWOidnhhvHEIuHQEOueh6+Ci+vrDvxMTIP","privKey":"+Ld3fi/5xZd/8yx0kyiCvyDUe2oO2lPFEzVVdtSZP3g="},"lastRemoteEphemeralKey":"BVevx1DleVVl25p2AF/NeH/nIGUPUtaoE8clF+sF2TFQ","previousCounter":0,"rootKey":"xAzL1bu6rKKo+Vlsi7Z72ZbAyFrpKNVHNbyiq8G8Nc4="},"indexInfo":{"baseKey":"BVPLLg4XCKP6MFE4pU7bqAJ3rI98GNDqKxTED59gd7xk","baseKeyType":1,"closed":-1,"used":1760429000893,"created":1760429000893,"remoteIdentityKey":"BcBePfpBjGTLa5cWWtDCZZsrLObm4d0t97b02drTaLRv"},"_chains":{"Bd3VvHjcFbkWOidnhhvHEIuHQEOueh6+Ci+vrDvxMTIP":{"chainKey":{"counter":1,"key":"MJLk1RZCrMbdwEpUW/ZJyxlojv6VZcWb0wi1KCrYAxI="},"chainType":1,"messageKeys":{}}},"pendingPreKey":{"signedKeyId":1,"baseKey":"BVPLLg4XCKP6MFE4pU7bqAJ3rI98GNDqKxTED59gd7xk","preKeyId":14233066}}},"version":"v1"}