{"_sessions":{"BeXwNsEOMU64dJzxzrYDWcgDMG1eBR4fshbE8EAp1PwQ":{"registrationId":1105589163,"currentRatchet":{"ephemeralKeyPair":{"pubKey":"BT415Hxew60f5SbTd4Zt0XsW/PUCjVmNaBz4W9NY8+4P","privKey":"SEIVaPG1oWmWlslMmM+EQZdIVleO+Qufzm0myNu50n8="},"lastRemoteEphemeralKey":"BThYs64KtgFiej2syaPdM3ymBnYFEFpgF95oPfbnQco0","previousCounter":0,"rootKey":"LeYsfIRhV7N/z3vcEWrwmxvsKIYLHb6uUOIGiMwSkfI="},"indexInfo":{"baseKey":"BeXwNsEOMU64dJzxzrYDWcgDMG1eBR4fshbE8EAp1PwQ","baseKeyType":2,"closed":-1,"used":1760426386506,"created":1760426386506,"remoteIdentityKey":"BUfROX3GZd5FIZ9OLOf1MgXp5Q1eLRuCtX49T7AYmHAH"},"_chains":{"BThYs64KtgFiej2syaPdM3ymBnYFEFpgF95oPfbnQco0":{"chainKey":{"counter":0,"key":"b9zsscY9UoI+TsM1+/05x/i0Pel24/gSn3dC/fiUFRo="},"chainType":2,"messageKeys":{}},"BT415Hxew60f5SbTd4Zt0XsW/PUCjVmNaBz4W9NY8+4P":{"chainKey":{"counter":1,"key":"bOTPEmkTPHT5jVrkEgS3NfMepRnPpGtoJhnP2m/DJnU="},"chainType":1,"messageKeys":{}}}}},"version":"v1"}