{"_sessions":{"BdEDQ9r4wCljAcphyKYzd5vIKYJAGSjivCOx/y1KQm43":{"registrationId":1038057548,"currentRatchet":{"ephemeralKeyPair":{"pubKey":"BWCyCaps5+EFj0LD5RSr5fYtj6x7R7nIeeS90PeNbmlX","privKey":"CJ+21ZA8Uh7zXvlqNHRJacAuE/EShzz91hi4Y/EVb0w="},"lastRemoteEphemeralKey":"BYj5puyS2DYLYn0GDtJJ28J0AROm7qbp6/9Kelhns7Ah","previousCounter":0,"rootKey":"upQF60dCKVF+4hIN7hbt7p4f8zIpc0ogg9yIzt4cpRc="},"indexInfo":{"baseKey":"BdEDQ9r4wCljAcphyKYzd5vIKYJAGSjivCOx/y1KQm43","baseKeyType":2,"closed":-1,"used":1760430562892,"created":1760430562892,"remoteIdentityKey":"Bfu3E02Zl/Ev30skXDLZ5FTGoPWdc5fjyh8y5U4jWIht"},"_chains":{"BYj5puyS2DYLYn0GDtJJ28J0AROm7qbp6/9Kelhns7Ah":{"chainKey":{"counter":2,"key":"sNqUIluMucbPyksKk3cdn8lrZanQWzZmj1OVzKnUlOA="},"chainType":2,"messageKeys":{}},"BWCyCaps5+EFj0LD5RSr5fYtj6x7R7nIeeS90PeNbmlX":{"chainKey":{"counter":0,"key":"t1+OYlQAKrRxLMd2lQkkB6ui55IBG38KmLCUbW+hesY="},"chainType":1,"messageKeys":{}}}}},"version":"v1"}