{"_sessions":{"Bamwyf/OkfXGNCdzEUm+/6VmYme7ArpbTJrNMgFR1QEh":{"registrationId":695538313,"currentRatchet":{"ephemeralKeyPair":{"pubKey":"BZZAy1cB2Tik60h9Lxug1/b99cs2XHPxG93zn3ImGC5k","privKey":"2DZoSB+wttcfupaonHsVx4wUhxNv2kE49YDQBtngTkw="},"lastRemoteEphemeralKey":"BQDHJqlIIWzEHROQrrZ8uM3jo0XInecYvjdTwrQsvTwf","previousCounter":0,"rootKey":"QJO8KNjsPst7uhhMB7q6nVIF+MpnlA0diB+nZPaw4u4="},"indexInfo":{"baseKey":"Bamwyf/OkfXGNCdzEUm+/6VmYme7ArpbTJrNMgFR1QEh","baseKeyType":1,"closed":-1,"used":1760429000209,"created":1760429000209,"remoteIdentityKey":"BeAnPlfYV8SBubSU1e4L4nWcYo6QJPz1arLbp2HWF/45"},"_chains":{"BZZAy1cB2Tik60h9Lxug1/b99cs2XHPxG93zn3ImGC5k":{"chainKey":{"counter":1,"key":"CYzi9wLlic2EUQCvK/Qes2/fT9K2rlGZaH4LQcPhNnA="},"chainType":1,"messageKeys":{}}},"pendingPreKey":{"signedKeyId":1,"baseKey":"Bamwyf/OkfXGNCdzEUm+/6VmYme7ArpbTJrNMgFR1QEh","preKeyId":12174175}}},"version":"v1"}