{"_sessions":{"Bbj+0+0grLa5vMhuIuO9za7/5RzWgy+ClO+PYjffZXQr":{"registrationId":1036727325,"currentRatchet":{"ephemeralKeyPair":{"pubKey":"BYyMV7W9ZLFXy3SRVWDlLhr3x0mxYJPzfdVkiMUF/XUy","privKey":"6BRVb+l98FP8IUFhJwFfhOqiFdIr2RxVooLfkLQMtGs="},"lastRemoteEphemeralKey":"Bb3Rs+Va3aBVAnKTNZblKItmrA2r11DgMKntmLF5ESEJ","previousCounter":0,"rootKey":"Z5lrUAwLG+i+Kgdvs16xQhJD1YnT/lamrbf4iiBxKbQ="},"indexInfo":{"baseKey":"Bbj+0+0grLa5vMhuIuO9za7/5RzWgy+ClO+PYjffZXQr","baseKeyType":1,"closed":-1,"used":1760429000579,"created":1760429000579,"remoteIdentityKey":"BaMr1ocBcLPvbW2SmOehjJYZdc5S4GZN3u8WMqyozd5r"},"_chains":{"BYyMV7W9ZLFXy3SRVWDlLhr3x0mxYJPzfdVkiMUF/XUy":{"chainKey":{"counter":1,"key":"r+0ZLYA5EY6zIk0cGp1lzgmcFh6ZSwS2cW5SUnDTi98="},"chainType":1,"messageKeys":{}}},"pendingPreKey":{"signedKeyId":4,"baseKey":"Bbj+0+0grLa5vMhuIuO9za7/5RzWgy+ClO+PYjffZXQr","preKeyId":6059257}}},"version":"v1"}