{"_sessions":{"Bd1Y8AMYNWrktDaAeTALYTX+q3xdn7j5Vd++IPp7QJx+":{"registrationId":1010182887,"currentRatchet":{"ephemeralKeyPair":{"pubKey":"Bak1nmzuJc7plhVvrNU7VcwULfyuy9GLgrOgdchwpSlR","privKey":"eMSs3GiZBavl1n7lZ19E0gLSVt49cyknLsHIK322b30="},"lastRemoteEphemeralKey":"BWPr35sX4NgWW+KF7IEVvjFFqpP7pH6jUcbEIsrP+QAW","previousCounter":0,"rootKey":"SLaugNb6z0n8uFOqRL84IvOBRNzQ0xWSkUi4bHQXlvw="},"indexInfo":{"baseKey":"Bd1Y8AMYNWrktDaAeTALYTX+q3xdn7j5Vd++IPp7QJx+","baseKeyType":1,"closed":-1,"used":1760429000328,"created":1760429000328,"remoteIdentityKey":"BeMzB99ixCRAbYctq1Mx1Z8I4jQ10fizAwJBKW2UfOAi"},"_chains":{"Bak1nmzuJc7plhVvrNU7VcwULfyuy9GLgrOgdchwpSlR":{"chainKey":{"counter":1,"key":"OXctf7zND9Ob1bAQo4sLBqeNs8N2osbzDfjjX054Sg8="},"chainType":1,"messageKeys":{}}},"pendingPreKey":{"signedKeyId":7,"baseKey":"Bd1Y8AMYNWrktDaAeTALYTX+q3xdn7j5Vd++IPp7QJx+","preKeyId":3383470}}},"version":"v1"}