{"_sessions":{"BcFEDgka0l/naDMgaSAUIPwnuoDusLli7etmBq7bwsYR":{"registrationId":561454846,"currentRatchet":{"ephemeralKeyPair":{"pubKey":"BbiMKvXQpOFRMNL6YMgGUvrphcxO0ocvGyBv2VpjEHxG","privKey":"aKQBn1ucyRXSH/gf3qLxGqqNCJKyro/JJgNoROoMSGI="},"lastRemoteEphemeralKey":"BbA2NhHHxtAouJTOanoDZGbZqLSXcasEQNFGuyuw8IZI","previousCounter":0,"rootKey":"ec8kPC9JN6ma3cpvpMXIBiPuaNEGGZz1OnUIOjLcLEA="},"indexInfo":{"baseKey":"BcFEDgka0l/naDMgaSAUIPwnuoDusLli7etmBq7bwsYR","baseKeyType":2,"closed":-1,"used":1760421601381,"created":1760421601381,"remoteIdentityKey":"BcbF+GGVztoWhGoQrpZAR6xP3w9yGINBpvXz0ZNYZVot"},"_chains":{"BbA2NhHHxtAouJTOanoDZGbZqLSXcasEQNFGuyuw8IZI":{"chainKey":{"counter":0,"key":"IHuyu7nBbAqAFOdphxgtpCyfzcXlK9guy7j9qEsVMe8="},"chainType":2,"messageKeys":{}},"BbiMKvXQpOFRMNL6YMgGUvrphcxO0ocvGyBv2VpjEHxG":{"chainKey":{"counter":1,"key":"bdVzbbFu6W5lPASEEXe26is/Y3aaSPYxsxPk5HhNX6o="},"chainType":1,"messageKeys":{}}}}},"version":"v1"}