{"_sessions":{"BS4H2MF9uKcaleIzHau/9McE1oEDSvf0VShMRsZ6N5ZU":{"registrationId":1931078764,"currentRatchet":{"ephemeralKeyPair":{"pubKey":"BQDA2Ol6w+qwSrQjmezwvUUj4pDmwhxjK84enqAHadRt","privKey":"KIOlU5UlX+KanW/d5RqERUzPsmpvVGY4AiK8qyaM2Hs="},"lastRemoteEphemeralKey":"BWUSCdfr+3vOgWbuGQ/foS4oiRSLm4vnN/nN48ga6jZh","previousCounter":0,"rootKey":"i7sQAFF4LmrYy25qv9KvIjEGEM5B+EIv714uQiE+cOg="},"indexInfo":{"baseKey":"BS4H2MF9uKcaleIzHau/9McE1oEDSvf0VShMRsZ6N5ZU","baseKeyType":1,"closed":-1,"used":1760428999947,"created":1760428999947,"remoteIdentityKey":"BYSdy+YWgtq4EY9Z7dF0aLNaT8QvMeJxJlRGucZNV559"},"_chains":{"BQDA2Ol6w+qwSrQjmezwvUUj4pDmwhxjK84enqAHadRt":{"chainKey":{"counter":1,"key":"bZp4oaUqm3cjUK2mUaCihikZln5t9aJEAGcpZcQk2Q4="},"chainType":1,"messageKeys":{}}},"pendingPreKey":{"signedKeyId":5,"baseKey":"BS4H2MF9uKcaleIzHau/9McE1oEDSvf0VShMRsZ6N5ZU","preKeyId":1339225}}},"version":"v1"}