{"_sessions":{"BZddche784c+4C2KLY5xO2msG5GUlq4JI9juOhKEMSUp":{"registrationId":485206615,"currentRatchet":{"ephemeralKeyPair":{"pubKey":"BceM5jSFTMSRv/HdL7v0AdaTcQt7JTSkgcKlCueTbvYx","privKey":"kLirnlUyYaywVxptBCZ10pnpmbVaATcTnbN3N1hGOXo="},"lastRemoteEphemeralKey":"BZCoNho6HcQczE7Xk9ifIa0Y0mb4IVlWEQ5I6PSnto03","previousCounter":0,"rootKey":"A0u22iwN4nbYGco90pr/RLPbtzg8LPBdJ1sFLNsTV2A="},"indexInfo":{"baseKey":"BZddche784c+4C2KLY5xO2msG5GUlq4JI9juOhKEMSUp","baseKeyType":1,"closed":-1,"used":1760424492357,"created":1760424492357,"remoteIdentityKey":"BZCjJ6DkWyYPKQqcNaUdp2y+gHy8FCR/DcepuWZwWYM+"},"_chains":{"BceM5jSFTMSRv/HdL7v0AdaTcQt7JTSkgcKlCueTbvYx":{"chainKey":{"counter":0,"key":"sIRz75y7c/MmSiLXyhpNwmx5yGAhcQRwnXU+9r+w50s="},"chainType":1,"messageKeys":{}}},"pendingPreKey":{"signedKeyId":26,"baseKey":"BZddche784c+4C2KLY5xO2msG5GUlq4JI9juOhKEMSUp","preKeyId":14556262}}},"version":"v1"}