{"_sessions":{"Bc1ECquiOzvulsYjrQTFXGOWEZRfPSv2ETYnhrWhM7sN":{"registrationId":281072118,"currentRatchet":{"ephemeralKeyPair":{"pubKey":"BfOUG31CHir2C355+nmQR6kJ9mHXG5VLJx53PYP0bdEV","privKey":"IAWtDPrfdyMF7JtCH6sUAbRTdEx34vzv4LZHiK1+Nn8="},"lastRemoteEphemeralKey":"BWItA6JZJW5p1SgYigWzpdlV+nQoch888l94+8rzuS5C","previousCounter":0,"rootKey":"9DDNYrG8tU6hiq5yFvalwyCMVNx00Wj1QuZtx8WIZA4="},"indexInfo":{"baseKey":"Bc1ECquiOzvulsYjrQTFXGOWEZRfPSv2ETYnhrWhM7sN","baseKeyType":1,"closed":-1,"used":1760429000162,"created":1760429000162,"remoteIdentityKey":"BS2LRgVAsMcOgruDTNm+dgvb+0ECucphcr3KsAqGJOBZ"},"_chains":{"BfOUG31CHir2C355+nmQR6kJ9mHXG5VLJx53PYP0bdEV":{"chainKey":{"counter":1,"key":"AN/9pcoJYPJHlBjABRQw7ra9i0WinW2bmaqQIPODH0E="},"chainType":1,"messageKeys":{}}},"pendingPreKey":{"signedKeyId":7,"baseKey":"Bc1ECquiOzvulsYjrQTFXGOWEZRfPSv2ETYnhrWhM7sN","preKeyId":6856424}}},"version":"v1"}