{"_sessions":{"BX1Pdo6SUsY1WsazVubutn1mOLtrS9y9XddnUKF0OnM8":{"registrationId":1682281275,"currentRatchet":{"ephemeralKeyPair":{"pubKey":"BToZfbhQH3fGCzoKdhb5CLdHD+NHdWGTFFVtxb5tL4JT","privKey":"aAuR10CUHmV2YgscoSN4oW/+MGQUSKMB365gnkIc5Hk="},"lastRemoteEphemeralKey":"BUt1ABgsfn4IkFoVsK16/s2d08f44r5jn416ISCaew0O","previousCounter":0,"rootKey":"UkfWy2hBLxNCpsb2QvGMscPJOwuyMwqZGCglk2dBRMY="},"indexInfo":{"baseKey":"BX1Pdo6SUsY1WsazVubutn1mOLtrS9y9XddnUKF0OnM8","baseKeyType":1,"closed":-1,"used":1760429001884,"created":1760429001884,"remoteIdentityKey":"BZbk+39XaakzejCB1MHyt4dziGkYTXp0kyMGQp1Pt0Vr"},"_chains":{"BToZfbhQH3fGCzoKdhb5CLdHD+NHdWGTFFVtxb5tL4JT":{"chainKey":{"counter":1,"key":"48F4bw8/iQlaYWI/CmMkr5w3e8T1TGVS8QnTEPrKGn8="},"chainType":1,"messageKeys":{}}},"pendingPreKey":{"signedKeyId":14,"baseKey":"BX1Pdo6SUsY1WsazVubutn1mOLtrS9y9XddnUKF0OnM8","preKeyId":15046655}}},"version":"v1"}