{"_sessions":{"BXvJjJBnzHlLlnDWJNWMbX09j4a9zHVCYGLL0HKzIMc0":{"registrationId":685269861,"currentRatchet":{"ephemeralKeyPair":{"pubKey":"BRTZppJ2Bs8i80BlQP33kVJSIyfroHGkCmWHwcttZhJW","privKey":"6AJ5Nsn48QXSKKpQurzO4rUYARv1B80PNWBIoDUs3Fs="},"lastRemoteEphemeralKey":"BdL7YOKsHj8VVNJklq3ZrkxBLXvoNcb6I5DZXy/x3jV3","previousCounter":0,"rootKey":"fuRAZMh4rx7ljCcp/Ax2dS5LCPLJIo+SOITHl8RM6v8="},"indexInfo":{"baseKey":"BXvJjJBnzHlLlnDWJNWMbX09j4a9zHVCYGLL0HKzIMc0","baseKeyType":1,"closed":-1,"used":1760429001794,"created":1760429001794,"remoteIdentityKey":"BZw9CUf0beNHbvDxC/F0gFC49DB3vX+siwhwbYHxkTBL"},"_chains":{"BRTZppJ2Bs8i80BlQP33kVJSIyfroHGkCmWHwcttZhJW":{"chainKey":{"counter":1,"key":"+PFguLWcbs2qcYnWv7KQKKAa4ta6F6sS9U+n/IkQRRA="},"chainType":1,"messageKeys":{}}},"pendingPreKey":{"signedKeyId":0,"baseKey":"BXvJjJBnzHlLlnDWJNWMbX09j4a9zHVCYGLL0HKzIMc0","preKeyId":11078441}}},"version":"v1"}