{"_sessions":{"BdtG5GKyr9inuDe9YSn7lzCehoB19cbajEqMS3uu6SEZ":{"registrationId":1405279785,"currentRatchet":{"ephemeralKeyPair":{"pubKey":"BfPFVWxUGFSEIy7RzmAqL4+h9k7aClES5/wOoVOqW3B0","privKey":"2FHSr8h6XwM8RRrcL+lsQCJZOKf2E20UK2RYbiDQ8n4="},"lastRemoteEphemeralKey":"BUfFRtN1uunfIvtQuj4ciMuzERNnfZhHevXO8u2SMNIp","previousCounter":0,"rootKey":"b1DrL55arMs7Aaw5ALUpOgr5wdj4ppOwW+usPCcZKxk="},"indexInfo":{"baseKey":"BdtG5GKyr9inuDe9YSn7lzCehoB19cbajEqMS3uu6SEZ","baseKeyType":1,"closed":-1,"used":1760429002388,"created":1760429002388,"remoteIdentityKey":"BZvKeQS47ttYaTNYQRYcAyaGimXd7iZ46EoaeOXhUkMr"},"_chains":{"BfPFVWxUGFSEIy7RzmAqL4+h9k7aClES5/wOoVOqW3B0":{"chainKey":{"counter":1,"key":"bm8NISd9M59t4yZLOyOr36PaZ+dl9PIVWfg+2PoNjFg="},"chainType":1,"messageKeys":{}}},"pendingPreKey":{"signedKeyId":14,"baseKey":"BdtG5GKyr9inuDe9YSn7lzCehoB19cbajEqMS3uu6SEZ","preKeyId":5903}}},"version":"v1"}