{"_sessions":{"BUt7Ka3ZkFqw0oLKOp3OhA4p1NpUonXiSul/KQK0s9A6":{"registrationId":973299103,"currentRatchet":{"ephemeralKeyPair":{"pubKey":"Beu3ZqiEP8uWtlxWWEaZ8ub62n89cicfmoHNHNsvUcQO","privKey":"OHT9G7DwCHhTV8hvS+dRpTsz3IGfijm8F0YDTKpBG1o="},"lastRemoteEphemeralKey":"Bd65BDZhlRAIjuqG9ekQffvUcs2XtpSrtS4veCIQtDEC","previousCounter":0,"rootKey":"YfzJTwa1zwL7ls3er49ahWNeJic+xmfumlf7tAKcLIo="},"indexInfo":{"baseKey":"BUt7Ka3ZkFqw0oLKOp3OhA4p1NpUonXiSul/KQK0s9A6","baseKeyType":1,"closed":-1,"used":1760428999634,"created":1760428999634,"remoteIdentityKey":"BWHAYD9lXIgUo2MX1sy5lBCN5G9INzuZOc9TEGVJ5Mgj"},"_chains":{"Beu3ZqiEP8uWtlxWWEaZ8ub62n89cicfmoHNHNsvUcQO":{"chainKey":{"counter":1,"key":"0TYc2ZEcYDizgdwUTLlvvSMuO1vLhPSPX4f5Tn+/IvI="},"chainType":1,"messageKeys":{}}},"pendingPreKey":{"signedKeyId":0,"baseKey":"BUt7Ka3ZkFqw0oLKOp3OhA4p1NpUonXiSul/KQK0s9A6","preKeyId":4229470}}},"version":"v1"}