{"_sessions":{"Bd4zaMUbOQ7n+CVf6TXOX8s8KIfAE8rOeznMRoRnTJMO":{"registrationId":810798210,"currentRatchet":{"ephemeralKeyPair":{"pubKey":"BUZnxcM5+8NhX+b6JF6kqLSqs2nWssyunD59KuW4ZrVU","privKey":"oNYPlsMYocdzSitPR2WuvZRtayjEISJGCBHNuHS6zGw="},"lastRemoteEphemeralKey":"BaWxu1/OS8mdeHgzDVRGDSH582GTtK+sxN5t0GzOl/p2","previousCounter":0,"rootKey":"/VRc4G1tIiCQJIJOk0miUa0ll6SvjjJU1a4sLM/VX9E="},"indexInfo":{"baseKey":"Bd4zaMUbOQ7n+CVf6TXOX8s8KIfAE8rOeznMRoRnTJMO","baseKeyType":1,"closed":-1,"used":1760429001558,"created":1760429001558,"remoteIdentityKey":"Bcw45cjYjdchYGA/GdXAT6oKDRkL/SPUx1kuTMjtw5Zj"},"_chains":{"BUZnxcM5+8NhX+b6JF6kqLSqs2nWssyunD59KuW4ZrVU":{"chainKey":{"counter":1,"key":"XSftkrXKBUrG+4DbOh3mnU+f4CdVfUgy+ngYZRc52Kw="},"chainType":1,"messageKeys":{}}},"pendingPreKey":{"signedKeyId":2,"baseKey":"Bd4zaMUbOQ7n+CVf6TXOX8s8KIfAE8rOeznMRoRnTJMO","preKeyId":5649021}}},"version":"v1"}