{"_sessions":{"BWGx25OViz9ezPgvz4f44x7vRNmry8SYZ9+4kU2HUvZP":{"registrationId":2112693385,"currentRatchet":{"ephemeralKeyPair":{"pubKey":"BeqVEiYOh4x6v1gFVbtnDr8ANlJOGxJ0WfAN+5EUeVNZ","privKey":"iDgYfEkFSv3XKZNR9n00DEtNhZv1FgThjBqGtiiCxUY="},"lastRemoteEphemeralKey":"BeCfxEPJ8qeu9jkBtO+dwEyTPS39qbTplATP8I9o2HAN","previousCounter":0,"rootKey":"FZjWbeQmScLVl6gVxegfTbaakaz93v6JiSH6sNUguTQ="},"indexInfo":{"baseKey":"BWGx25OViz9ezPgvz4f44x7vRNmry8SYZ9+4kU2HUvZP","baseKeyType":1,"closed":-1,"used":1760429000225,"created":1760429000225,"remoteIdentityKey":"Bf3jyo6y4Jo765WVCrrjauWGerFZ2lYQYUY2owN6nb5W"},"_chains":{"BeqVEiYOh4x6v1gFVbtnDr8ANlJOGxJ0WfAN+5EUeVNZ":{"chainKey":{"counter":1,"key":"oEKGF3QA3VNeKb0IC253dObnIaWDR7Gw9nejMXHxp/I="},"chainType":1,"messageKeys":{}}},"pendingPreKey":{"signedKeyId":4,"baseKey":"BWGx25OViz9ezPgvz4f44x7vRNmry8SYZ9+4kU2HUvZP","preKeyId":12412014}}},"version":"v1"}