{"_sessions":{"BcbXu0xghy5lSjum0orSAFUcztEmVGmvOx4W42pf2YJI":{"registrationId":944930578,"currentRatchet":{"ephemeralKeyPair":{"pubKey":"BdAHL6Rj++B7KxN52W02A4/7EPXx2zY6DkhaBcJg33dt","privKey":"gLVy+DvjAG3FMAK0K88NV59PTrDOCewpi0yt65BKH2M="},"lastRemoteEphemeralKey":"BUaN5Xzq/27UJbqribXd7Vb+6LmxXKVTK13HT5iZpllH","previousCounter":0,"rootKey":"BbxSS29jKLpsNqPuS8TxMw+kHY8J69xpw1zE/faKImU="},"indexInfo":{"baseKey":"BcbXu0xghy5lSjum0orSAFUcztEmVGmvOx4W42pf2YJI","baseKeyType":1,"closed":-1,"used":1760429001480,"created":1760429001480,"remoteIdentityKey":"BXWyZGgfgKAcmtRwe+7EqgIvKA6B8gfMXBGLBMN9PtVT"},"_chains":{"BdAHL6Rj++B7KxN52W02A4/7EPXx2zY6DkhaBcJg33dt":{"chainKey":{"counter":1,"key":"GBDqyH/XF2fFdbrXGxAGmnMwdXMFAAXJ8pAkH6FLsFc="},"chainType":1,"messageKeys":{}}},"pendingPreKey":{"signedKeyId":1,"baseKey":"BcbXu0xghy5lSjum0orSAFUcztEmVGmvOx4W42pf2YJI","preKeyId":4154545}}},"version":"v1"}