{"_sessions":{"BWBou3QwPFAxbSTnPxoaz5VdGpYy/7DnFGlmD0EXBnQx":{"registrationId":596429016,"currentRatchet":{"ephemeralKeyPair":{"pubKey":"BU47zoSooK8cUtx1957C+cCftDupWWmLlvV1F97cqDYw","privKey":"gAgLdLVG5mQQJwE7eeLn33Eo/bLHjhXWcU21CH93zGs="},"lastRemoteEphemeralKey":"BTiPOtQapUZPXZJNN25ESYoCzO28i16C3UoKaTX63flr","previousCounter":0,"rootKey":"vfY+ib9Nz7Gj3rykUmtuYSg9AuSed+HzulVZYVXq8rw="},"indexInfo":{"baseKey":"BWBou3QwPFAxbSTnPxoaz5VdGpYy/7DnFGlmD0EXBnQx","baseKeyType":1,"closed":-1,"used":1760429000114,"created":1760429000114,"remoteIdentityKey":"BSQemrN1Pol9cnVb6oALy0yeHQF353d1CXIYi4B7hYRB"},"_chains":{"BU47zoSooK8cUtx1957C+cCftDupWWmLlvV1F97cqDYw":{"chainKey":{"counter":1,"key":"kBxd+b4ga3u+YPTggnvRLK4fyQTRucfVbUDpNjR0BQA="},"chainType":1,"messageKeys":{}}},"pendingPreKey":{"signedKeyId":6,"baseKey":"BWBou3QwPFAxbSTnPxoaz5VdGpYy/7DnFGlmD0EXBnQx","preKeyId":7736994}}},"version":"v1"}