{"_sessions":{"BUjK0Ro9s8NeczLXOi02/s2eB0WNwWZvWApwWZjV0ilW":{"registrationId":2030118701,"currentRatchet":{"ephemeralKeyPair":{"pubKey":"BRoFga5ZSlYNALcHA550p1f570BxDGLZWElvamoMXmwn","privKey":"IEnedjH4uNJnAH7zbPzkwWSVuzcQ2sSJWPzYdZW2kVM="},"lastRemoteEphemeralKey":"BfeUGIuEF4i40k7HWuhJdmH/F8n9cWzmNwzMVvxWvRIF","previousCounter":0,"rootKey":"55yZlEVn+LUB+zych+KPPpRuM6TPrbSw5qXB/yx50yk="},"indexInfo":{"baseKey":"BUjK0Ro9s8NeczLXOi02/s2eB0WNwWZvWApwWZjV0ilW","baseKeyType":1,"closed":-1,"used":1760429000614,"created":1760429000614,"remoteIdentityKey":"BWFkcRNyuG4Kl8cuALNvaduv7LXrcG59Eux0vGjnkOc4"},"_chains":{"BRoFga5ZSlYNALcHA550p1f570BxDGLZWElvamoMXmwn":{"chainKey":{"counter":1,"key":"7HhVuG52YljXeGCeXBPj0KTmD3koMoISufsaizycKt0="},"chainType":1,"messageKeys":{}}},"pendingPreKey":{"signedKeyId":7,"baseKey":"BUjK0Ro9s8NeczLXOi02/s2eB0WNwWZvWApwWZjV0ilW","preKeyId":6700259}}},"version":"v1"}