{"_sessions":{"BZWu3ciHs2WbYT4xINfzzxHs5ShxSelkKM8PudlNld1I":{"registrationId":2114569280,"currentRatchet":{"ephemeralKeyPair":{"pubKey":"BXODhq71VlJ+vYdVATD8utCe0J2TeZkK6L3xRxDLlzd5","privKey":"+NTGPDobX7N0lafsv0edFZPgk0L8ww1wYFRnxaUefGg="},"lastRemoteEphemeralKey":"BdYP6WOIzN9Oy4qY47h5zW7dlFGanekUE7voMtp4ByZ5","previousCounter":0,"rootKey":"wIxSw4RGsCNDa5OIBbQ2dXG9C0kpemgXBe9q8Hq2BxA="},"indexInfo":{"baseKey":"BZWu3ciHs2WbYT4xINfzzxHs5ShxSelkKM8PudlNld1I","baseKeyType":1,"closed":-1,"used":1760429002223,"created":1760429002223,"remoteIdentityKey":"BYI3UT/lpliOICazJ/Z19nd9mgCloP1+iZ2D0vK+9t4I"},"_chains":{"BXODhq71VlJ+vYdVATD8utCe0J2TeZkK6L3xRxDLlzd5":{"chainKey":{"counter":1,"key":"DeCLYqNpldartOOz6fmssvA7zkLmEbFBO1N8RYbieGk="},"chainType":1,"messageKeys":{}}},"pendingPreKey":{"signedKeyId":7,"baseKey":"BZWu3ciHs2WbYT4xINfzzxHs5ShxSelkKM8PudlNld1I","preKeyId":10831339}}},"version":"v1"}