{"_sessions":{"BbO2yLOX/rjdbFJpjzsZ89GQsAxWeRZQgvo7KOz5ChA7":{"registrationId":636347249,"currentRatchet":{"ephemeralKeyPair":{"pubKey":"BUkoJ+kCl33ktgJqIyApjMFfzP5qSleW25L4Mxhg2ec7","privKey":"uALZgBDs5xPqrGyC3DDvENUD5J/+rdDQsukqteAuOGM="},"lastRemoteEphemeralKey":"BUP1gve5RgFYYlmbhuODM+pXU3BanuFQMAGYxaOWo7Qr","previousCounter":0,"rootKey":"o7KDdzfRh0UWEiPuVshM/6YcT4rPrANjQOhMFHfcCDo="},"indexInfo":{"baseKey":"BbO2yLOX/rjdbFJpjzsZ89GQsAxWeRZQgvo7KOz5ChA7","baseKeyType":1,"closed":-1,"used":1760429001845,"created":1760429001845,"remoteIdentityKey":"BRVkZ3VWmi5RYU5qU0SkkgWGTcqZ92bRaEpjLOXFUn4Z"},"_chains":{"BUkoJ+kCl33ktgJqIyApjMFfzP5qSleW25L4Mxhg2ec7":{"chainKey":{"counter":1,"key":"H2DlLNd7jEAOebHWT2kFxNv7qzvGjLK+hYDDaci40cA="},"chainType":1,"messageKeys":{}}},"pendingPreKey":{"signedKeyId":4,"baseKey":"BbO2yLOX/rjdbFJpjzsZ89GQsAxWeRZQgvo7KOz5ChA7"}}},"version":"v1"}