{"_sessions":{"BWI4PXOEb07+IRM2gdKJYD9CKqgGIC/hAl1Rxh3DUGBA":{"registrationId":159943871,"currentRatchet":{"ephemeralKeyPair":{"pubKey":"BSPPejAGpahtA5HuL5hKCQ4MUIM8UOtlhOaoU6QB11cY","privKey":"WDlLddKNwCba0mNMCaRtvnCkF1ZaZl3K7OZkIERI7W8="},"lastRemoteEphemeralKey":"Bemdm7aGhyXC3pWqnYKi1S1YKEzBB3r7kbAnPr/cGd5R","previousCounter":0,"rootKey":"0UXaJ4R+ShZoIRX0nBtKBEDcK1nNRWuG2qjgEl3mtcI="},"indexInfo":{"baseKey":"BWI4PXOEb07+IRM2gdKJYD9CKqgGIC/hAl1Rxh3DUGBA","baseKeyType":1,"closed":-1,"used":1760429002034,"created":1760429002034,"remoteIdentityKey":"Bf3Ajhl/Tbpi9PeOlrI5wI6ERme8+gjKgvwyboa6O8Ap"},"_chains":{"BSPPejAGpahtA5HuL5hKCQ4MUIM8UOtlhOaoU6QB11cY":{"chainKey":{"counter":1,"key":"CYhv8Gx2OzkVwrbT1ktZppMH536fPCA3mKHjziQDDyU="},"chainType":1,"messageKeys":{}}},"pendingPreKey":{"signedKeyId":9,"baseKey":"BWI4PXOEb07+IRM2gdKJYD9CKqgGIC/hAl1Rxh3DUGBA","preKeyId":10418464}}},"version":"v1"}