{"_sessions":{"BWBP2z3koQsaYW/u0bOxFJ43dsMUm7h/fhNhRh+p9Y8n":{"registrationId":1079769215,"currentRatchet":{"ephemeralKeyPair":{"pubKey":"BdZqFyFaRMCvCwu9j+yyU8u5T1wA7SS8ICTRYpYwI31c","privKey":"CNWalkYaPR4s9GbwjDNYzF60bwGu6ng1gyklHM34MHE="},"lastRemoteEphemeralKey":"BXUtp6BszfQwEkKkxJwYuCFcAs9Xmzbu6M2DeL8lLxw9","previousCounter":0,"rootKey":"q0XxJ3fifAe6MloVddmbJ/LzXr1Nl6i8LsEw+1fz9ww="},"indexInfo":{"baseKey":"BWBP2z3koQsaYW/u0bOxFJ43dsMUm7h/fhNhRh+p9Y8n","baseKeyType":1,"closed":-1,"used":1760429000814,"created":1760429000814,"remoteIdentityKey":"Ba8hlxfLTInXASUVs7Qt3s8C0H8d0sReGyguhH324+oy"},"_chains":{"BdZqFyFaRMCvCwu9j+yyU8u5T1wA7SS8ICTRYpYwI31c":{"chainKey":{"counter":1,"key":"glRcM8DaSfPAwYIIhLhY2xlNqGgzXNFzSxmyjt/yi0U="},"chainType":1,"messageKeys":{}}},"pendingPreKey":{"signedKeyId":2,"baseKey":"BWBP2z3koQsaYW/u0bOxFJ43dsMUm7h/fhNhRh+p9Y8n","preKeyId":5087831}}},"version":"v1"}