{"_sessions":{"BUicYLAgwjHci+qKK0Rr7kjmsm3egpkMqK30NwiRJK1R":{"registrationId":968909654,"currentRatchet":{"ephemeralKeyPair":{"pubKey":"BWW11MRBHRk2H4dOZ+ocp7KFFvx5t44eGLqVatcjXxoN","privKey":"aIroH4YNPERFnhI+neJFfwg8ixirshz7Rdq2amWhDX0="},"lastRemoteEphemeralKey":"BYlmz/Q3MA/oaw+TOUO6iSVncLlfgXd5PluoAXKezM1f","previousCounter":0,"rootKey":"UAIEXMg7j7I5/gvd32bFL5t1cADDyOb6RMxZhxWQYdI="},"indexInfo":{"baseKey":"BUicYLAgwjHci+qKK0Rr7kjmsm3egpkMqK30NwiRJK1R","baseKeyType":1,"closed":-1,"used":1760429000130,"created":1760429000130,"remoteIdentityKey":"BQJbKElNtuJO023FtscI7+wKYiiKz1mOHNl8agoTM6U4"},"_chains":{"BWW11MRBHRk2H4dOZ+ocp7KFFvx5t44eGLqVatcjXxoN":{"chainKey":{"counter":1,"key":"nJ8mL2GFiEyCXKvDxxp6Msy0O+pysMiJYBBpv0AEGJg="},"chainType":1,"messageKeys":{}}},"pendingPreKey":{"signedKeyId":2,"baseKey":"BUicYLAgwjHci+qKK0Rr7kjmsm3egpkMqK30NwiRJK1R","preKeyId":7199292}}},"version":"v1"}