{"_sessions":{"BTic3BsEGt8R9OnRs3KMIJYj0HbiML0zKj36i5GLgSU0":{"registrationId":1579120542,"currentRatchet":{"ephemeralKeyPair":{"pubKey":"BYiiVq4VPUmvc+uu7jCNop3stEF1VifRliOXJWP9Bl9B","privKey":"QBZ7TmteJsQ1TWyzUrfxjD5iFmFDmOemhQrWcL1NbmA="},"lastRemoteEphemeralKey":"BfLY1D0nnjTQxNdgn40isyZ8aWnKRECBhxeOY1hcZlw+","previousCounter":1,"rootKey":"PdRowmzwVs4QDZ4qCBmatbgDhAB88QjRrqy5vQqOasg="},"indexInfo":{"baseKey":"BTic3BsEGt8R9OnRs3KMIJYj0HbiML0zKj36i5GLgSU0","baseKeyType":1,"closed":-1,"used":1760439144380,"created":1760429001858,"remoteIdentityKey":"BVW5oHyPdSxgspbHbST/ifh4cLLa8fJ7r0AnvBdjp1s0"},"_chains":{"BfLY1D0nnjTQxNdgn40isyZ8aWnKRECBhxeOY1hcZlw+":{"chainKey":{"counter":0,"key":"Zn9+ohaHFEcACZxERdQFfriDtZDngjwByMv6hhOkhdw="},"chainType":2,"messageKeys":{}},"BYiiVq4VPUmvc+uu7jCNop3stEF1VifRliOXJWP9Bl9B":{"chainKey":{"counter":-1,"key":"8KCfC8W76uuYG4RbezdpUiH+gQOk8ST3ITSCdSKTAzM="},"chainType":1,"messageKeys":{}}}}},"version":"v1"}