{"_sessions":{"Baup/ydbQyvPysTaEt6YLb1Bx2Kc/lxq5hYZra76D9ca":{"registrationId":234733649,"currentRatchet":{"ephemeralKeyPair":{"pubKey":"Be6NIi+zjuldp3hi33nIEjSnQTBV8F/8LA5W3dx/Wy0e","privKey":"kGOqPAHukMi5YEx95OtszEs5mBAl5Dd8X2o0Z69D4n4="},"lastRemoteEphemeralKey":"BSQX4dUV4muvovUxf8vgoKj7vP9krac85/WQlKTjFlV8","previousCounter":0,"rootKey":"rJn7evyaRpz/ecXOvqlkzQPNU3EASPf2YQRg3UVTydQ="},"indexInfo":{"baseKey":"Baup/ydbQyvPysTaEt6YLb1Bx2Kc/lxq5hYZra76D9ca","baseKeyType":1,"closed":-1,"used":1760429001870,"created":1760429001870,"remoteIdentityKey":"BaBlll0PCfMGxf4Ff9amzPwQJaQnbVnb5Q7D8A8hDFsY"},"_chains":{"Be6NIi+zjuldp3hi33nIEjSnQTBV8F/8LA5W3dx/Wy0e":{"chainKey":{"counter":1,"key":"Nze1+gPiWOMlT6EqRE/aKxVRd/x8HdcK/N09LM5Nsis="},"chainType":1,"messageKeys":{}}},"pendingPreKey":{"signedKeyId":2,"baseKey":"Baup/ydbQyvPysTaEt6YLb1Bx2Kc/lxq5hYZra76D9ca","preKeyId":16447226}}},"version":"v1"}