{"_sessions":{"Bcp9gdV3vCq/v9yPbTZQT9Db/EljruRCyQsJFczRo71/":{"registrationId":345577190,"currentRatchet":{"ephemeralKeyPair":{"pubKey":"BeIwymr75KDvydWK3ks1i5XXSRtnTKYheCEDaZSkmDpg","privKey":"CH5WtURPVbVVSu0z2+7X4kz1NEWlAjCUu5iAE78M6ng="},"lastRemoteEphemeralKey":"Bc0eBbNggbMNPwIE1Tt53zCmAiO5nhU983wqljVjXPxJ","previousCounter":0,"rootKey":"Y2w6uyD/4Cs2lDpwnOixnNC36IXk5+0JMpjwZg6j/yo="},"indexInfo":{"baseKey":"Bcp9gdV3vCq/v9yPbTZQT9Db/EljruRCyQsJFczRo71/","baseKeyType":1,"closed":-1,"used":1760429000054,"created":1760429000054,"remoteIdentityKey":"BTNv9mIcIMlg1w2/OUfJdrPk6Os4ypIdJG9EJxafTk0Q"},"_chains":{"BeIwymr75KDvydWK3ks1i5XXSRtnTKYheCEDaZSkmDpg":{"chainKey":{"counter":1,"key":"ID8CGVUwRLylSTCY4YbnCLyKf/0THHi+voqkfIh5xGw="},"chainType":1,"messageKeys":{}}},"pendingPreKey":{"signedKeyId":4,"baseKey":"Bcp9gdV3vCq/v9yPbTZQT9Db/EljruRCyQsJFczRo71/"}}},"version":"v1"}