{"_sessions":{"BTBj84FVTTSxYujUY9cjVOqzcLV2FlCYnPD5OIjB1Acq":{"registrationId":376234391,"currentRatchet":{"ephemeralKeyPair":{"pubKey":"BUzHVwEZoECp790283vkNRX9+jmGOD2l7drlHVsYP8wX","privKey":"UClolM0wor5UBKbD+mYwFTNf+15EB6xNcv67bvuo/no="},"lastRemoteEphemeralKey":"BbGnXk7YnoA4goZqrRrKzGOxtYdIlmppWu2bjOPzDP53","previousCounter":0,"rootKey":"8kp3OsiBSL5+2ik4VzNior5StH2QMkiigxYdvlC9t7Q="},"indexInfo":{"baseKey":"BTBj84FVTTSxYujUY9cjVOqzcLV2FlCYnPD5OIjB1Acq","baseKeyType":1,"closed":-1,"used":1760424492266,"created":1760424492266,"remoteIdentityKey":"BUHuE3Gb0PFvNarcaw+8L+sf6Un0K0FzfzaxNw1JhWFw"},"_chains":{"BUzHVwEZoECp790283vkNRX9+jmGOD2l7drlHVsYP8wX":{"chainKey":{"counter":0,"key":"FgW+XhkAK/t0GqIiPIEa5i/Rh4vRdD2oScI/hWhw/ZM="},"chainType":1,"messageKeys":{}}},"pendingPreKey":{"signedKeyId":1066700,"baseKey":"BTBj84FVTTSxYujUY9cjVOqzcLV2FlCYnPD5OIjB1Acq"}}},"version":"v1"}