{"_sessions":{"BQEJ4t5viKxDmodNyGRAeCEXkjllMgmtuASEfS+CqC8K":{"registrationId":187771948,"currentRatchet":{"ephemeralKeyPair":{"pubKey":"BVw2Ohj1UnarXbbJzlxYHOsWMaqpC3RVhfaJmqnHSIlu","privKey":"MJ4NKd1d2WlvjnmipLl2J0O9dcMedoUQFvcyjcLx50Y="},"lastRemoteEphemeralKey":"Be5HT3eOLrINzd/N2CbXLH7OhU0VI1XfIhw/sIcH2tAh","previousCounter":0,"rootKey":"xbDxTmx88FER3R26Q5V6rFXgkJVPQ52vFbWnkfqmk3c="},"indexInfo":{"baseKey":"BQEJ4t5viKxDmodNyGRAeCEXkjllMgmtuASEfS+CqC8K","baseKeyType":1,"closed":-1,"used":1760429001003,"created":1760429001003,"remoteIdentityKey":"BdKwBOioebCxi8ruiAMqqonJsAP31z5yySkQNoOvKuh/"},"_chains":{"BVw2Ohj1UnarXbbJzlxYHOsWMaqpC3RVhfaJmqnHSIlu":{"chainKey":{"counter":1,"key":"EPyXYXmogM2qXvpQn0DgfDj3fUSJbU0PPy61v4r+d20="},"chainType":1,"messageKeys":{}}},"pendingPreKey":{"signedKeyId":4,"baseKey":"BQEJ4t5viKxDmodNyGRAeCEXkjllMgmtuASEfS+CqC8K","preKeyId":5899375}}},"version":"v1"}