{"_sessions":{"BSi51MpAwRFQZmrs/sB6nY4PLWRH0Q5IAAsJHJYBE0sz":{"registrationId":457008980,"currentRatchet":{"ephemeralKeyPair":{"pubKey":"BejAnGsP/L5vGUIBDZKr97YLGiDoQAMx3eY8h4H/zPgw","privKey":"sEZSyi8SvombFlujJKml+/QTfmx5mZ/9JLRHeH+zDXs="},"lastRemoteEphemeralKey":"BQwKDju+gAd9TAhxB5FtriMFAg3NjkZqa8lixJ7NKpxs","previousCounter":0,"rootKey":"BMZTvxR+ZxzgbjijNi1geaPsa+8OXtDPDs4XfzN9tkg="},"indexInfo":{"baseKey":"BSi51MpAwRFQZmrs/sB6nY4PLWRH0Q5IAAsJHJYBE0sz","baseKeyType":1,"closed":-1,"used":1760429002008,"created":1760429002008,"remoteIdentityKey":"BTcahZG9bW3Rmb9Zi9SN/BMiZjFyVdH+24diNfp9xCYA"},"_chains":{"BejAnGsP/L5vGUIBDZKr97YLGiDoQAMx3eY8h4H/zPgw":{"chainKey":{"counter":1,"key":"6pkMKnLLupjBDMw675OEEwKw7aLdQWCcep6RH6TSSlI="},"chainType":1,"messageKeys":{}}},"pendingPreKey":{"signedKeyId":0,"baseKey":"BSi51MpAwRFQZmrs/sB6nY4PLWRH0Q5IAAsJHJYBE0sz","preKeyId":5596802}}},"version":"v1"}