{"_sessions":{"BSQ01VUvbxuozYb2Iq68zJhmwANkAFjZqZbk5VrxIiUC":{"registrationId":1377978695,"currentRatchet":{"ephemeralKeyPair":{"pubKey":"BV4WOwW/bQqgTE1iqjSe4i9EFO5iCELHsv5aNWUXOV4W","privKey":"uP1TYPANlyNHE5KmraluVk8RC+OaTlcsktVJvMmgf24="},"lastRemoteEphemeralKey":"BRxCSzVM985fUt1Jk0hTksgkLEBfM4rivDKftDqMIVtO","previousCounter":0,"rootKey":"ht8INlsx6A5H52iSxe+NRDRrTS1xX1SJKw2kVBmIYP8="},"indexInfo":{"baseKey":"BSQ01VUvbxuozYb2Iq68zJhmwANkAFjZqZbk5VrxIiUC","baseKeyType":1,"closed":-1,"used":1760429000084,"created":1760429000084,"remoteIdentityKey":"Ba2WrDs06rqn5PjWztDp3CsPVmahqtlXVwRZ9YT2Aws4"},"_chains":{"BV4WOwW/bQqgTE1iqjSe4i9EFO5iCELHsv5aNWUXOV4W":{"chainKey":{"counter":1,"key":"hC9TDFN0qpAybm8HjcHZTxSkczFSBgKy9zshi3kAvAw="},"chainType":1,"messageKeys":{}}},"pendingPreKey":{"signedKeyId":28,"baseKey":"BSQ01VUvbxuozYb2Iq68zJhmwANkAFjZqZbk5VrxIiUC","preKeyId":7538370}}},"version":"v1"}