{"_sessions":{"BVhcJvyQGkESOloD6K0az3MQaKyjfG15OJI4CBwtfDMU":{"registrationId":2061375997,"currentRatchet":{"ephemeralKeyPair":{"pubKey":"BSqRvRvyltc4n+WAeUG3Nc+eXPnl4ViqAXEnw/fAogY1","privKey":"YGVDyTmpDuUcveodrHK/KJdBjorNN8IzJbcExV3SuXw="},"lastRemoteEphemeralKey":"Bf6pabxvUoYJZrDg9KXnTkB+vmfsC1rJTauliVaoUwIa","previousCounter":0,"rootKey":"o2Uba5dpuOKwM5EvmTjC5WX7a8BPNWPE1wgXC0AfY/Y="},"indexInfo":{"baseKey":"BVhcJvyQGkESOloD6K0az3MQaKyjfG15OJI4CBwtfDMU","baseKeyType":1,"closed":-1,"used":1760429000410,"created":1760429000410,"remoteIdentityKey":"BewOJu+DZ8gHBRpfe1HuI3JdnnRKRX9vHmVwO0A4Ay5L"},"_chains":{"BSqRvRvyltc4n+WAeUG3Nc+eXPnl4ViqAXEnw/fAogY1":{"chainKey":{"counter":0,"key":"weijOBN+vnCfMgfZmj6XESSu4ZYQkteve0fJ9KT5fcA="},"chainType":1,"messageKeys":{}}},"pendingPreKey":{"signedKeyId":4,"baseKey":"BVhcJvyQGkESOloD6K0az3MQaKyjfG15OJI4CBwtfDMU","preKeyId":1646689}}},"version":"v1"}