{"_sessions":{"BV+CNfXzUFoXgpWeFcFPk7vKGSu3KGmTseEXWSOCdXIq":{"registrationId":663041690,"currentRatchet":{"ephemeralKeyPair":{"pubKey":"Ba9lUlFmQEcPMEzpmdQ87SeNM/ueZXyEC99u5CIiH/9z","privKey":"2IPfxgl0/zhx2euPeHI1old7Kp6zHqoCi5lxWb946EM="},"lastRemoteEphemeralKey":"BdhWeFUvJPAgiag0JcnY5N3XqM1e9u85YzUh+QrVbph2","previousCounter":0,"rootKey":"8oO3WSA2lhLqpwn3hpn076R30WaIz+SXOEZkL8EvsKY="},"indexInfo":{"baseKey":"BV+CNfXzUFoXgpWeFcFPk7vKGSu3KGmTseEXWSOCdXIq","baseKeyType":2,"closed":-1,"used":1760421602786,"created":1760421602785,"remoteIdentityKey":"BUhH5avocFJUuIdNLXV9iATSNFXH9dZEPdJ9EjSE7tph"},"_chains":{"BdhWeFUvJPAgiag0JcnY5N3XqM1e9u85YzUh+QrVbph2":{"chainKey":{"counter":0,"key":"3woyaCYZROJOu1HdK6rE25QJHSTBsrRKJb8+z7ZSw+A="},"chainType":2,"messageKeys":{}},"Ba9lUlFmQEcPMEzpmdQ87SeNM/ueZXyEC99u5CIiH/9z":{"chainKey":{"counter":1,"key":"Qn7P6+wkuoMLNv25JQ1jfgIb1oZ+Fzrtl6m9qnh/WQ4="},"chainType":1,"messageKeys":{}}}}},"version":"v1"}