{"_sessions":{"BS3T/9pwqHE0fTRBwCTJfHKimpu1yjDfkiLW0fBVUkpa":{"registrationId":764968716,"currentRatchet":{"ephemeralKeyPair":{"pubKey":"BSzWxtRG3Yh5kPLOz0p0ZiqdRJD8zlw9AInPvwtFEEho","privKey":"sMUsSulWz/MsTEYi+8KCA9fU1J+BL/VpmRX3a5AOeFI="},"lastRemoteEphemeralKey":"BUxxkgJtZIzR0NSrM8idcz7OH3zi0GBYOhxwDR97eU4E","previousCounter":0,"rootKey":"kfjLaMxgeZ0kqFxx/rutNXGu7kHFbzKBLMZtAim5Yto="},"indexInfo":{"baseKey":"BS3T/9pwqHE0fTRBwCTJfHKimpu1yjDfkiLW0fBVUkpa","baseKeyType":1,"closed":-1,"used":1760429001165,"created":1760429001165,"remoteIdentityKey":"BXsNChe4jzj1N3qEwzCf1Qfv3pn9q3QDS+HrfupAwg0R"},"_chains":{"BSzWxtRG3Yh5kPLOz0p0ZiqdRJD8zlw9AInPvwtFEEho":{"chainKey":{"counter":1,"key":"mkVfzMHPDspFP5qWDLbGHKbgys4suC9mv2F1g+xCerE="},"chainType":1,"messageKeys":{}}},"pendingPreKey":{"signedKeyId":15,"baseKey":"BS3T/9pwqHE0fTRBwCTJfHKimpu1yjDfkiLW0fBVUkpa","preKeyId":7291898}}},"version":"v1"}