{"_sessions":{"BcNSH/LhogTX8nhLK1yjxxGIriL7MQwxAYHRKpQCZrNC":{"registrationId":470074209,"currentRatchet":{"ephemeralKeyPair":{"pubKey":"BWFpI1W9LEktUq0TCCrsW3r4fl/LunmrIOHZTI6KOhR1","privKey":"0IIWEfOtQL26L2jm/Hl1lxBmjAiUPg9YyTwd6QS58Uc="},"lastRemoteEphemeralKey":"BWZXFmWqmlG/JHUwU08Ma/DHtp0zsxQQ7L3alDNI7zZm","previousCounter":0,"rootKey":"7q08+1wqAdBPejLX7q3hp72Wy+0Xsg4t/+AQKof/EHQ="},"indexInfo":{"baseKey":"BcNSH/LhogTX8nhLK1yjxxGIriL7MQwxAYHRKpQCZrNC","baseKeyType":1,"closed":-1,"used":1760428999849,"created":1760428999849,"remoteIdentityKey":"BdiiMEsI5U3oR2uwIGmOF4cGutVxclQiHvX7C2FOhfAE"},"_chains":{"BWFpI1W9LEktUq0TCCrsW3r4fl/LunmrIOHZTI6KOhR1":{"chainKey":{"counter":1,"key":"GQwBSo8ei/RdNy0Jw0uejn0a5QDk9r6iHiTj6hq6sdg="},"chainType":1,"messageKeys":{}}},"pendingPreKey":{"signedKeyId":27,"baseKey":"BcNSH/LhogTX8nhLK1yjxxGIriL7MQwxAYHRKpQCZrNC"}}},"version":"v1"}