{"_sessions":{"BRggmSXCdKa3rsytdrDmlseVMLxi3lS+AZp9M4QbdW1m":{"registrationId":363257811,"currentRatchet":{"ephemeralKeyPair":{"pubKey":"BW1xvnrGeysSUP0NsT9VMym4V28xtL8BAN1+TePHHrhr","privKey":"AOMhaBZvaGWmtnS6p7qjuKwMlcf5jACMFWBePyzDVEM="},"lastRemoteEphemeralKey":"BY24YMJ4pXj7Bim2olcf/ywTTu1+0muemPg38BHPp815","previousCounter":0,"rootKey":"aTAT4JKbWQ5czb5Jp2bBlu3/bQMjbxI0n2U3dDd6ZB8="},"indexInfo":{"baseKey":"BRggmSXCdKa3rsytdrDmlseVMLxi3lS+AZp9M4QbdW1m","baseKeyType":1,"closed":-1,"used":1760428999677,"created":1760428999677,"remoteIdentityKey":"BVOEz6P0lq7Oswwkpo61S4dx2e3hMT/ogAhUnJ9mweB3"},"_chains":{"BW1xvnrGeysSUP0NsT9VMym4V28xtL8BAN1+TePHHrhr":{"chainKey":{"counter":1,"key":"2e32y/D2exR0JQ7WQi4zY6z4GMs2O/7fGyZqKGu5R1k="},"chainType":1,"messageKeys":{}}},"pendingPreKey":{"signedKeyId":7,"baseKey":"BRggmSXCdKa3rsytdrDmlseVMLxi3lS+AZp9M4QbdW1m","preKeyId":13280040}}},"version":"v1"}