{"_sessions":{"BcfcbKpKInmNhx/5ZiqQIelAn43qjGkfe34k9WTxShYh":{"registrationId":249,"currentRatchet":{"ephemeralKeyPair":{"pubKey":"BUzzhaHtU+NQ1d1NQzWiVK0fPUFn1p0pvcmrp/OMtZlR","privKey":"eChtAjqqRZVdDz0cJvbraSIFtY4juRth07hWRxLGP04="},"lastRemoteEphemeralKey":"Ba+qLD9peJa2TVTJzLladamvF5fIE7cCcw/721CwXgQX","previousCounter":0,"rootKey":"vUk/CWWXo6Auc28PASlrXh2T8zQ90OqiyM9w+vMTfxU="},"indexInfo":{"baseKey":"BcfcbKpKInmNhx/5ZiqQIelAn43qjGkfe34k9WTxShYh","baseKeyType":1,"closed":-1,"used":1760396846446,"created":1760396846446,"remoteIdentityKey":"BftdZQ5D2RDYgNQnePx8FGcB3rpm/O7cbx4hU6H4wWpm"},"_chains":{"BUzzhaHtU+NQ1d1NQzWiVK0fPUFn1p0pvcmrp/OMtZlR":{"chainKey":{"counter":5,"key":"KH/VkfMChNJINt5lukw1eLMhg7Zhc2yzo1mZk7AdsgM="},"chainType":1,"messageKeys":{}}},"pendingPreKey":{"signedKeyId":1,"baseKey":"BcfcbKpKInmNhx/5ZiqQIelAn43qjGkfe34k9WTxShYh","preKeyId":30}}},"version":"v1"}