{"_sessions":{"BayzAe4zrhKIZX5kNIPm+8phZ6CgJmfWUJ5bM8fIaTQS":{"registrationId":2117383976,"currentRatchet":{"ephemeralKeyPair":{"pubKey":"BU/vvCKI/161tr3tB+Xg4qjmHjMHCMdkRHQ8atHV5Ngw","privKey":"iOlXonnpELlImXtDbOxU3VfevuGYxbKW6acLTt4T404="},"lastRemoteEphemeralKey":"BZxMcAPStWnzacZ6AEWvuWx61lJn0dkXJrSHGQMHQrJO","previousCounter":0,"rootKey":"P/bt5wL7kbAVipHWMnom8hMbM5oQSo3DK9d06nXmhdQ="},"indexInfo":{"baseKey":"BayzAe4zrhKIZX5kNIPm+8phZ6CgJmfWUJ5bM8fIaTQS","baseKeyType":1,"closed":-1,"used":1760429002047,"created":1760429002047,"remoteIdentityKey":"BXxEDNxt0NNN9iKqgWIgFDVEtyTm/0WuGWEnztviJBMb"},"_chains":{"BU/vvCKI/161tr3tB+Xg4qjmHjMHCMdkRHQ8atHV5Ngw":{"chainKey":{"counter":1,"key":"l3ZI+I1R0ansGvBYFtgxrJzNM28TkIYVDG8w7tLR1pk="},"chainType":1,"messageKeys":{}}},"pendingPreKey":{"signedKeyId":4,"baseKey":"BayzAe4zrhKIZX5kNIPm+8phZ6CgJmfWUJ5bM8fIaTQS","preKeyId":9128283}}},"version":"v1"}