{"_sessions":{"BUxGL1+bMOV/4JL3oXu8c9dSPGBB0f2tjcxY30rxWkAf":{"registrationId":539736132,"currentRatchet":{"ephemeralKeyPair":{"pubKey":"Bd6Ucq1oCL6lu2yNXclzU0PgdU5zSBsgkvT+jwspWKgd","privKey":"aP6BouKLSEGHiu2AAB8j/UBH8JVi3DmbRscp+AeahG8="},"lastRemoteEphemeralKey":"BWtdHvBdu4liTwSUrqU1EsmuXtHVE6qHeHR9Xr1TjasR","previousCounter":0,"rootKey":"/1lRgrCkEBsoKeqE0VLSXZMzjmDCDlFAlSP9WUU9IE0="},"indexInfo":{"baseKey":"BUxGL1+bMOV/4JL3oXu8c9dSPGBB0f2tjcxY30rxWkAf","baseKeyType":2,"closed":1760421655558,"used":1760421603620,"created":1760421603620,"remoteIdentityKey":"Bdnn9dOXKmSwzEfynq96FUAux3yvGlgWPit0smJZiCw9"},"_chains":{"BWtdHvBdu4liTwSUrqU1EsmuXtHVE6qHeHR9Xr1TjasR":{"chainKey":{"counter":1,"key":"0D9shnNQXfz1s8mu2+zSwbkeKA3X7NB4XVytLyUZPL8="},"chainType":2,"messageKeys":{}},"Bd6Ucq1oCL6lu2yNXclzU0PgdU5zSBsgkvT+jwspWKgd":{"chainKey":{"counter":-1,"key":"8lfXxVrdv9TvZ29YR57HsMnyUfR0IExDO5VPB06IqT8="},"chainType":1,"messageKeys":{}}}},"BWj2bWA3P5Ck+55u8NUwwzOJShbORv5iMapjCKdhq4Y2":{"registrationId":539736132,"currentRatchet":{"ephemeralKeyPair":{"pubKey":"BboVZBfKFONuSutM4RdwOSCzWFnO3wqvvVY/rR9y23lX","privKey":"+CQqO7FjGaziKlSZi41Bs/ZW+lnRvKQls4XpjpY6b3o="},"lastRemoteEphemeralKey":"Bbve35VuP9deQRr3e+cQROVPPiNdpk45BrMG8hMXJTds","previousCounter":0,"rootKey":"jvFRAkVcEJ/U0ytyQ5p8SzXyUOy6Jqusdu3uuLcNu5c="},"indexInfo":{"baseKey":"BWj2bWA3P5Ck+55u8NUwwzOJShbORv5iMapjCKdhq4Y2","baseKeyType":2,"closed":-1,"used":1760421655569,"created":1760421655569,"remoteIdentityKey":"Bdnn9dOXKmSwzEfynq96FUAux3yvGlgWPit0smJZiCw9"},"_chains":{"Bbve35VuP9deQRr3e+cQROVPPiNdpk45BrMG8hMXJTds":{"chainKey":{"counter":2,"key":"bHnc7Kju6sgswKakHGMzyeQRWzWP8VmzFmPSOBsj35A="},"chainType":2,"messageKeys":{}},"BboVZBfKFONuSutM4RdwOSCzWFnO3wqvvVY/rR9y23lX":{"chainKey":{"counter":1,"key":"VGJPXU/gxoK2OgGMiVCaVHaAGlvE3ISUkAzqpKjtQes="},"chainType":1,"messageKeys":{}}}}},"version":"v1"}