{"_sessions":{"BZTi38W2RECpLuku8RJ6NcAyag0etbfqZmn4kVoZpyop":{"registrationId":1524498094,"currentRatchet":{"ephemeralKeyPair":{"pubKey":"BbISUT3Bh8tt4pNplQH1ncUDrheSop8NwrTMl6TaInFX","privKey":"kEeMTCQDN2blWK53P/CnjXgJpXc0bwlXdbyZjWkTZH0="},"lastRemoteEphemeralKey":"BeBd7dy6/qdj/T6NBWpHO1xpvWr7OJiWpA47kMEsRtgy","previousCounter":0,"rootKey":"Fti36DI3a6YbeCWJXrw+h8IG7UuiDdve+V1UY/AHc1A="},"indexInfo":{"baseKey":"BZTi38W2RECpLuku8RJ6NcAyag0etbfqZmn4kVoZpyop","baseKeyType":1,"closed":-1,"used":1760429001064,"created":1760429001064,"remoteIdentityKey":"BVB9YGN0Yj8FwpFcAbGyP5GJqjL6kUiGoj0pcXgFa3w7"},"_chains":{"BbISUT3Bh8tt4pNplQH1ncUDrheSop8NwrTMl6TaInFX":{"chainKey":{"counter":1,"key":"hD3GjbOZc3VLHcO1kus5wSDa3SUjn6HYjMfYsC8TbeA="},"chainType":1,"messageKeys":{}}},"pendingPreKey":{"signedKeyId":31,"baseKey":"BZTi38W2RECpLuku8RJ6NcAyag0etbfqZmn4kVoZpyop","preKeyId":10443438}}},"version":"v1"}