{"_sessions":{"BQ+CI5mjR64oqdrn6Ct9sj6dexP0yzrW4mHb5qoH440e":{"registrationId":1700633022,"currentRatchet":{"ephemeralKeyPair":{"pubKey":"BVM59q/ROVgjvA5TxpELveURDRTrOpmAtn573koDMHMw","privKey":"8DAmYMDYG26N0FToxm6MA3pX7u1mBv37aiF6P+jphWg="},"lastRemoteEphemeralKey":"BYJlhf9B2HtF5c13NPfelmXvDmM9T1L4zu4XZdfDh1UE","previousCounter":0,"rootKey":"LILPpxkKHFPRmiVOG9fnXQ2Q+s3GWrhaspK7F0WBiiI="},"indexInfo":{"baseKey":"BQ+CI5mjR64oqdrn6Ct9sj6dexP0yzrW4mHb5qoH440e","baseKeyType":1,"closed":-1,"used":1760429002275,"created":1760429002275,"remoteIdentityKey":"BfpFW7FJZcJUIKKegpQ6BTTOdZz0VpqY9xg8OQmjXTss"},"_chains":{"BVM59q/ROVgjvA5TxpELveURDRTrOpmAtn573koDMHMw":{"chainKey":{"counter":1,"key":"eNSQkyu1zp/7tsEqJwI5mbZLSospt9ZNkMcG7AXBxGQ="},"chainType":1,"messageKeys":{}}},"pendingPreKey":{"signedKeyId":25,"baseKey":"BQ+CI5mjR64oqdrn6Ct9sj6dexP0yzrW4mHb5qoH440e","preKeyId":7706675}}},"version":"v1"}