{"_sessions":{"Bc1RKhZzvr1Jk9W2Viev/Lx9w/73qe4svO/WYM7knkwz":{"registrationId":2094300893,"currentRatchet":{"ephemeralKeyPair":{"pubKey":"BTHxafPvIScR0SJKGPZWNkhtRKs5mAh6rDgys3DOpYUl","privKey":"uOk8wK2u5UgV+HgtozaecOEhROljysjekiPwBsDeLlU="},"lastRemoteEphemeralKey":"BeioNbL8UOiRgqiEdu1IR23OpRkkOBOLIuRsdnPSJHV7","previousCounter":0,"rootKey":"/fwwSabUlUHXtAaQ6cHOYQyEaF8TPvuGWFbxejskJqU="},"indexInfo":{"baseKey":"Bc1RKhZzvr1Jk9W2Viev/Lx9w/73qe4svO/WYM7knkwz","baseKeyType":1,"closed":-1,"used":1760429000635,"created":1760429000635,"remoteIdentityKey":"BeEboQ6XsZeUb9XlTNp4q/VVxfoS+s8vDHwqHcelJ9YP"},"_chains":{"BTHxafPvIScR0SJKGPZWNkhtRKs5mAh6rDgys3DOpYUl":{"chainKey":{"counter":1,"key":"/CKYBn4nH+0onM6a0a+Xbl6MFMV37bTtF9z2YCJsWeI="},"chainType":1,"messageKeys":{}}},"pendingPreKey":{"signedKeyId":1,"baseKey":"Bc1RKhZzvr1Jk9W2Viev/Lx9w/73qe4svO/WYM7knkwz","preKeyId":10730268}}},"version":"v1"}