{"_sessions":{"BbblNTk1OFkiN5sTbWLAsecF5XzUV9ZFuHtxoyJk1B9v":{"registrationId":499636728,"currentRatchet":{"ephemeralKeyPair":{"pubKey":"BWjZE2a6NEz+lRXP2wSGlO38wAMhR/Pk5dAKb58KHrRs","privKey":"WJoAg1XlzElYdjVDTVOlBx81Sq79iqeG3m2ectRhemc="},"lastRemoteEphemeralKey":"BWQzLL3xJvE5I5QRS1iA8knLvJLPZz3lLkgqooFN1Klz","previousCounter":0,"rootKey":"y0P+ztm59DqiLBApX6TZZCbCrivtVDJpXs72MHhkSs8="},"indexInfo":{"baseKey":"BbblNTk1OFkiN5sTbWLAsecF5XzUV9ZFuHtxoyJk1B9v","baseKeyType":1,"closed":-1,"used":1760429000668,"created":1760429000668,"remoteIdentityKey":"Bb1CTsTDOfN9sLjFxbdG4kNTe2mkKMxzkznPFZpDBkF2"},"_chains":{"BWjZE2a6NEz+lRXP2wSGlO38wAMhR/Pk5dAKb58KHrRs":{"chainKey":{"counter":1,"key":"qglNaHqklmFMfRNZG3Ru4jc1/LZ4hsrOGAJnITbpq20="},"chainType":1,"messageKeys":{}}},"pendingPreKey":{"signedKeyId":1,"baseKey":"BbblNTk1OFkiN5sTbWLAsecF5XzUV9ZFuHtxoyJk1B9v","preKeyId":13733871}}},"version":"v1"}