{"_sessions":{"BT1JRHHS0BHvJRuN5z/EPfn6E+Np9bZy4FAnpODs3NYG":{"registrationId":1285239109,"currentRatchet":{"ephemeralKeyPair":{"pubKey":"BU3pcDsd0IOBIYUdoBnAoJxrdiau+lVcPe1alscT2XQ5","privKey":"sKKXfO2US+RizC6jHqVPx1kFGZS2B62YPxmxxs7pOmc="},"lastRemoteEphemeralKey":"BaueyPTuXdZFbjzvE+2w1eoUbdzlfF0vJcshJtQ+FwNP","previousCounter":0,"rootKey":"749Naor5o4Bo9zRhYVMJdVDbC+GaMU/kHUDFoKVF8BU="},"indexInfo":{"baseKey":"BT1JRHHS0BHvJRuN5z/EPfn6E+Np9bZy4FAnpODs3NYG","baseKeyType":1,"closed":-1,"used":1760429000524,"created":1760429000524,"remoteIdentityKey":"BbsvItm9XOSPMjtZN/IPz7RasPpxW3+EeEliFyEVyMh7"},"_chains":{"BU3pcDsd0IOBIYUdoBnAoJxrdiau+lVcPe1alscT2XQ5":{"chainKey":{"counter":1,"key":"fXeCqktZFWSxToZ8qdqCNQalwKOYTdleExkk8h5qVB4="},"chainType":1,"messageKeys":{}}},"pendingPreKey":{"signedKeyId":3,"baseKey":"BT1JRHHS0BHvJRuN5z/EPfn6E+Np9bZy4FAnpODs3NYG","preKeyId":14108304}}},"version":"v1"}