{"_sessions":{"BW0Gqbsn5VtxpUY+aB80car/Fx6fMFXoLaPZ4aAI9BQy":{"registrationId":395290691,"currentRatchet":{"ephemeralKeyPair":{"pubKey":"BclrxBXgqTPZATOe+fY20UoRbqntQI+vT9Hv5d9g1pkY","privKey":"iMSP7tsusGCkHwTXWIUav/HFwgq32YMrkCsWznDjKWA="},"lastRemoteEphemeralKey":"BZb4urPMsmfJUFcFBIsdBEv09ytuB4Nl7XNkAVOHvBwI","previousCounter":0,"rootKey":"7nm0Bmgo0JBdm9ZIFVlpYTiZi0ZskHOzwLMiE87WzZI="},"indexInfo":{"baseKey":"BW0Gqbsn5VtxpUY+aB80car/Fx6fMFXoLaPZ4aAI9BQy","baseKeyType":1,"closed":-1,"used":1760429001963,"created":1760429001963,"remoteIdentityKey":"BUqrmlZykWvlgMIJRCLte84gZGq0ENiRS/Z4fRR52tZg"},"_chains":{"BclrxBXgqTPZATOe+fY20UoRbqntQI+vT9Hv5d9g1pkY":{"chainKey":{"counter":1,"key":"1aozBpd7b01VBK1Sxk2rfmIOphdCrfCiE7jsd3ghs04="},"chainType":1,"messageKeys":{}}},"pendingPreKey":{"signedKeyId":11,"baseKey":"BW0Gqbsn5VtxpUY+aB80car/Fx6fMFXoLaPZ4aAI9BQy"}}},"version":"v1"}