{"_sessions":{"BdUQAwB6FH8fk6H8TUaaafMQt4r02ZI7zrJU+MAsJN5X":{"registrationId":1894081321,"currentRatchet":{"ephemeralKeyPair":{"pubKey":"BcFI51uOFPFSpfUdXm9YQbPcF10F5N2+79g3ioHqWq0P","privKey":"WFNzBdrA3awUWIv/cu6AGuffvc0lrh5yRLJ8fPU8qUo="},"lastRemoteEphemeralKey":"BZcZD0y0xi3S5IPeOSbYecy/3+gnSNu7qt6JePlpGEwA","previousCounter":0,"rootKey":"q89rcJfgz2BlXcJQp9djxTxjMy9Yool1m4AqDUlFsHU="},"indexInfo":{"baseKey":"BdUQAwB6FH8fk6H8TUaaafMQt4r02ZI7zrJU+MAsJN5X","baseKeyType":1,"closed":-1,"used":1760429001080,"created":1760429001080,"remoteIdentityKey":"BQlgWbngYdwhrCij/EiQMD75gqbc1QPeUkFHScrkAWs7"},"_chains":{"BcFI51uOFPFSpfUdXm9YQbPcF10F5N2+79g3ioHqWq0P":{"chainKey":{"counter":1,"key":"fS0xgPGNjBxcdgjpJY8RyC/jXxyzOy+sEwUtMVyTPIc="},"chainType":1,"messageKeys":{}}},"pendingPreKey":{"signedKeyId":2,"baseKey":"BdUQAwB6FH8fk6H8TUaaafMQt4r02ZI7zrJU+MAsJN5X","preKeyId":10005114}}},"version":"v1"}