{"_sessions":{"BaP9p6k1k8PFND/k2j7wGZSK+4GkrAH5doSxsi7UsIwv":{"registrationId":1666183699,"currentRatchet":{"ephemeralKeyPair":{"pubKey":"Bb1XV25w3oWqJZ9y2z3Afki/bmsMEKMQuGZUNpmRPl5B","privKey":"aOs+DRnm7MF5fBZuKtbAEPPExgcBIH5RatLpwo6iUXY="},"lastRemoteEphemeralKey":"BblSz5GbQ3yxdpbholNoxR+oDnTw7Yk3GEKg6wCy8LM1","previousCounter":0,"rootKey":"QXWtqN3pF4BhxWUueL6BIC+oECwGmC4DZ4TEPSlCnX8="},"indexInfo":{"baseKey":"BaP9p6k1k8PFND/k2j7wGZSK+4GkrAH5doSxsi7UsIwv","baseKeyType":1,"closed":-1,"used":1760429001754,"created":1760429001754,"remoteIdentityKey":"BUTDOGaGh2C3n2cfTKnGBkbG1PPrA9iL3wANJEaWiSJC"},"_chains":{"Bb1XV25w3oWqJZ9y2z3Afki/bmsMEKMQuGZUNpmRPl5B":{"chainKey":{"counter":1,"key":"OnMpPxuDxslMJG06wLtIn6v+BXRNXSK8yMajsQ7FVBg="},"chainType":1,"messageKeys":{}}},"pendingPreKey":{"signedKeyId":0,"baseKey":"BaP9p6k1k8PFND/k2j7wGZSK+4GkrAH5doSxsi7UsIwv","preKeyId":8669578}}},"version":"v1"}