{"_sessions":{"BUlCyOBRt9/1GK9H2kLSPIG0MlPfn6k/VLeKwTWz7bU1":{"registrationId":1510927857,"currentRatchet":{"ephemeralKeyPair":{"pubKey":"BbLwhpVgdTUCZ4dRzbfVNtocdTJOi/f0Q8BSfOLVPQku","privKey":"KMRyW3glIISoMDD7X7ujxL1gPdvXiea5y8DUDV7AcUY="},"lastRemoteEphemeralKey":"BftaaCJOcbab/XqVovLU33b721Q6oBtebxyTJ6L1z29e","previousCounter":0,"rootKey":"RIZd5NFmTblqKVmnLQNy7LkjSG/qPHTpomvVL20B95c="},"indexInfo":{"baseKey":"BUlCyOBRt9/1GK9H2kLSPIG0MlPfn6k/VLeKwTWz7bU1","baseKeyType":1,"closed":-1,"used":1760429000769,"created":1760429000769,"remoteIdentityKey":"BY07/JHu/gzue9yJEFXdRKCXuiIdNp4Gk0ZLOYJ6vLUk"},"_chains":{"BbLwhpVgdTUCZ4dRzbfVNtocdTJOi/f0Q8BSfOLVPQku":{"chainKey":{"counter":1,"key":"av396DD/D9ptCjyvpwRFEEFWTSQBbUd+UdaD/1Lx91U="},"chainType":1,"messageKeys":{}}},"pendingPreKey":{"signedKeyId":5,"baseKey":"BUlCyOBRt9/1GK9H2kLSPIG0MlPfn6k/VLeKwTWz7bU1","preKeyId":16279179}}},"version":"v1"}