{"_sessions":{"BfSgqwPzfwJ6eFgb5d2yrF4EiX4mai0SLnFCoyT0fiph":{"registrationId":1427130930,"currentRatchet":{"ephemeralKeyPair":{"pubKey":"BYk7XajfEzvDuu2yREWsg198nXRrKe6z1yHfDvoKFx4T","privKey":"MInEdvb+AqjGzFnWAMAy3M6k0fxlOXufhfSSA8IKH2E="},"lastRemoteEphemeralKey":"BXM9O9DembQyaOC7JouX4IMkzLA529EhjFR9JTELdW94","previousCounter":0,"rootKey":"3kr+11OeqyPdQBR3QVk3OHKHrc00j6oCjaL3OJv1Uv0="},"indexInfo":{"baseKey":"BfSgqwPzfwJ6eFgb5d2yrF4EiX4mai0SLnFCoyT0fiph","baseKeyType":1,"closed":-1,"used":1760429001911,"created":1760429001911,"remoteIdentityKey":"BSjwUacRycV34+YunKo2XR9k4xIkFaab79tyJ+e6Yx1V"},"_chains":{"BYk7XajfEzvDuu2yREWsg198nXRrKe6z1yHfDvoKFx4T":{"chainKey":{"counter":1,"key":"+3br9kU+XMJ/vGOenoFU142lgDEkhuEwB/KVb5m4bwU="},"chainType":1,"messageKeys":{}}},"pendingPreKey":{"signedKeyId":20,"baseKey":"BfSgqwPzfwJ6eFgb5d2yrF4EiX4mai0SLnFCoyT0fiph","preKeyId":12907573}}},"version":"v1"}