{"_sessions":{"BTIOv9R2KiqQqh91rxvvecKw1vWXqhk/x4kSJWm1j9wC":{"registrationId":1574337973,"currentRatchet":{"ephemeralKeyPair":{"pubKey":"BQSu0PqcAkkHnHFaivN8paer+N/SL3UY6XO8xoo2oks3","privKey":"KLdLWq2jb3nUEhyLj6WQuGNtM5Dp50Lg3ggxSKM7cW0="},"lastRemoteEphemeralKey":"BUEmt3tvRgwMYI11qHvrBXD5DKvDD41SAsx1BqrupDUD","previousCounter":0,"rootKey":"4LcpAeibpaASKxZeYTC8eVEk08JvWx8JZcGv0UqYyIw="},"indexInfo":{"baseKey":"BTIOv9R2KiqQqh91rxvvecKw1vWXqhk/x4kSJWm1j9wC","baseKeyType":1,"closed":-1,"used":1760429001622,"created":1760429001622,"remoteIdentityKey":"BVfUtuGKRBAzi6DKoDdOxN6lmks8xqU7cXOfpWJ2/koF"},"_chains":{"BQSu0PqcAkkHnHFaivN8paer+N/SL3UY6XO8xoo2oks3":{"chainKey":{"counter":1,"key":"Ku9whVdy4rUmmxaLoxohaiEZldc/kosDsw1erYO4K2Q="},"chainType":1,"messageKeys":{}}},"pendingPreKey":{"signedKeyId":2,"baseKey":"BTIOv9R2KiqQqh91rxvvecKw1vWXqhk/x4kSJWm1j9wC","preKeyId":15034472}}},"version":"v1"}