{"_sessions":{"BRJg3ztKyUuNm16CmhmIhH7308ZdwJ1H7qk+c1Qg84B2":{"registrationId":1662188718,"currentRatchet":{"ephemeralKeyPair":{"pubKey":"BbnXXi9BHOJ2QQALn7X0OcCmacpLgmwGiDH7ZsJXkDE/","privKey":"MFasjtw1s6PMGRnhCPRheeztS5kJgFLwjsN6iNAbSnw="},"lastRemoteEphemeralKey":"BfjwjW/WgkG8hj7M0tyb1fpcgTt3k1Psosq3HsZxPlR2","previousCounter":0,"rootKey":"Df4WD0fmlaDZxDNrL0hqZBNc24hAq45SofKrqTFdXyo="},"indexInfo":{"baseKey":"BRJg3ztKyUuNm16CmhmIhH7308ZdwJ1H7qk+c1Qg84B2","baseKeyType":1,"closed":-1,"used":1760429002374,"created":1760429002374,"remoteIdentityKey":"BUd/5tI/qpCL6M1QTardho6/faofwh1GBdiLZkB3ZfUd"},"_chains":{"BbnXXi9BHOJ2QQALn7X0OcCmacpLgmwGiDH7ZsJXkDE/":{"chainKey":{"counter":0,"key":"f4TVQWPPEolumjiq+om3bf/6nnDTx0DX2aoRsds2CYA="},"chainType":1,"messageKeys":{}}},"pendingPreKey":{"signedKeyId":1,"baseKey":"BRJg3ztKyUuNm16CmhmIhH7308ZdwJ1H7qk+c1Qg84B2","preKeyId":1018}}},"version":"v1"}