{"_sessions":{"BSpyKl9DPXvy565QQPcnuuSfQq6r93gug4a03uVvcKMu":{"registrationId":763704941,"currentRatchet":{"ephemeralKeyPair":{"pubKey":"BZFrSJyLGtDOP1HiAFpGT8MUxksRo76xP0L6O759OAJx","privKey":"wJ7t1u42nbc6tw2A8Fn9ppanb7ta2VZGfoJlX55QUnc="},"lastRemoteEphemeralKey":"Bfjpj3WGwER91tKXUOxM1nmVGqjZYkUA90b5kzrhnDNc","previousCounter":0,"rootKey":"RuuL5IdUM21fSRZbx8U3zTKjCAnQftE+1lPgaCU2Gg8="},"indexInfo":{"baseKey":"BSpyKl9DPXvy565QQPcnuuSfQq6r93gug4a03uVvcKMu","baseKeyType":1,"closed":-1,"used":1760428999764,"created":1760428999764,"remoteIdentityKey":"BWaERDqu/V/8jk+JcwiqFqU9bynvMr0rKfdGmw6gh94K"},"_chains":{"BZFrSJyLGtDOP1HiAFpGT8MUxksRo76xP0L6O759OAJx":{"chainKey":{"counter":1,"key":"AM8i/AcfV9Fn+vIBTPsDcm4dqSxbnEAXvy6qGy3nKWw="},"chainType":1,"messageKeys":{}}},"pendingPreKey":{"signedKeyId":12,"baseKey":"BSpyKl9DPXvy565QQPcnuuSfQq6r93gug4a03uVvcKMu","preKeyId":14362516}}},"version":"v1"}