{"_sessions":{"BUkUXJb3nmv/iTdgw4wFTj3jA344KgsU9/bxcAra1/t9":{"registrationId":586778643,"currentRatchet":{"ephemeralKeyPair":{"pubKey":"BXzOYjVtxjhNfqnM0UCVtt0SbbI8ZortFAviuwg6eWQR","privKey":"MCXDPaxw0jx9jNv1zUxqPRTk4E96YeQFAcLE2wNQOHQ="},"lastRemoteEphemeralKey":"BdszABW2GYm5rVsWc26IapMW8AegeEYN8xM+FSo6hqAj","previousCounter":0,"rootKey":"45TTncOEWu7k/AWKK8K89l0/xPxbghrHyWY4fyRM7Us="},"indexInfo":{"baseKey":"BUkUXJb3nmv/iTdgw4wFTj3jA344KgsU9/bxcAra1/t9","baseKeyType":1,"closed":-1,"used":1760429001596,"created":1760429001596,"remoteIdentityKey":"BTDZQr1HgUaorHhIWh6iD0i9qG4XXmrv8bYzJg15xssx"},"_chains":{"BXzOYjVtxjhNfqnM0UCVtt0SbbI8ZortFAviuwg6eWQR":{"chainKey":{"counter":1,"key":"IqNUdFwOaLQKCdPyjd8fLHPVK7jB5fhwLakEGFhlxhw="},"chainType":1,"messageKeys":{}}},"pendingPreKey":{"signedKeyId":1,"baseKey":"BUkUXJb3nmv/iTdgw4wFTj3jA344KgsU9/bxcAra1/t9","preKeyId":6976390}}},"version":"v1"}