{"_sessions":{"BaDkywiLItqAYrDTP3e6gdVrz9JqsrdAe8jpkoIZSwEi":{"registrationId":1798142779,"currentRatchet":{"ephemeralKeyPair":{"pubKey":"BWstRhT9n1QoK/wI/0FZBYIoos5m9ZYBMBbY/6X30JgW","privKey":"6B6Mxivz8eHfEr4+hWPh3z42Z0fxGaed8TkpT88PbXo="},"lastRemoteEphemeralKey":"BS4fvelSvurIsztbUIx+9ACU15tHiIpiRT+MiMkXgSVJ","previousCounter":0,"rootKey":"A0OW3/oB/Bt+ZD7+VgOOw5j3ert9Eno1X3ZfeBsRv5g="},"indexInfo":{"baseKey":"BaDkywiLItqAYrDTP3e6gdVrz9JqsrdAe8jpkoIZSwEi","baseKeyType":1,"closed":-1,"used":1760428999807,"created":1760428999807,"remoteIdentityKey":"BexEuFzu3L/uNg4K4EJp5IkZ3oYosuwspbOd7E8jCwtC"},"_chains":{"BWstRhT9n1QoK/wI/0FZBYIoos5m9ZYBMBbY/6X30JgW":{"chainKey":{"counter":1,"key":"DU/t3YTncW/U+msjSGqf3lSBuLoWFlDHDtVf0o1dXaQ="},"chainType":1,"messageKeys":{}}},"pendingPreKey":{"signedKeyId":1,"baseKey":"BaDkywiLItqAYrDTP3e6gdVrz9JqsrdAe8jpkoIZSwEi","preKeyId":14192900}}},"version":"v1"}