{"_sessions":{"BUXjfxNeN4DwDW6dzRVCKmftfTS+2YlFTYydsm0a+QkI":{"registrationId":2017343927,"currentRatchet":{"ephemeralKeyPair":{"pubKey":"Bfe/1URVKBwNHOt5DRho7Yf1S4RltKf1ZKmMKxB3gMw+","privKey":"wHu/xyKoGnSwf7o8mRUrBSX60lsDZSVSgL1mExwNFnk="},"lastRemoteEphemeralKey":"BYSR6//7isQR+7fGCTcVv4QhaoFbLsOoJvo18K9rsq9z","previousCounter":0,"rootKey":"PLxgiw15OoEHfRc5G7nednqOueS76NeBkKJ4Ee1Y668="},"indexInfo":{"baseKey":"BUXjfxNeN4DwDW6dzRVCKmftfTS+2YlFTYydsm0a+QkI","baseKeyType":1,"closed":-1,"used":1760429001741,"created":1760429001741,"remoteIdentityKey":"BUbxe1/vv0w1ocZxjyHLTETomAbG+yl0uhctva9a4zkH"},"_chains":{"Bfe/1URVKBwNHOt5DRho7Yf1S4RltKf1ZKmMKxB3gMw+":{"chainKey":{"counter":1,"key":"fxAocnymIxSqLmO9hGZCPVRlt/eiltE9iHB163LSh9M="},"chainType":1,"messageKeys":{}}},"pendingPreKey":{"signedKeyId":7,"baseKey":"BUXjfxNeN4DwDW6dzRVCKmftfTS+2YlFTYydsm0a+QkI","preKeyId":11850476}}},"version":"v1"}