{"_sessions":{"BcFSxjVat9CW7W4c4GKCnViGin4c2NnXcotSYuo0cJRR":{"registrationId":212081465,"currentRatchet":{"ephemeralKeyPair":{"pubKey":"BXx4kjU3wm+Kd8j9OqZyU4puh9u9YQxP496MVOWcsWUs","privKey":"QDMHObpbkBLnbkz2rkgbh1XMAw7rU88GrhUJ+jrRyGI="},"lastRemoteEphemeralKey":"Bd8QcK8UNyOGjxK3QvQKti3AgpNM8G9nMnU1m3Ua5IUR","previousCounter":0,"rootKey":"ElNYSBRc4+VwuR/uMxrFY4/NrcZc34Q43WUqEJWsMH8="},"indexInfo":{"baseKey":"BcFSxjVat9CW7W4c4GKCnViGin4c2NnXcotSYuo0cJRR","baseKeyType":1,"closed":-1,"used":1760429000595,"created":1760429000595,"remoteIdentityKey":"BcS5rq3/3uYFWBVtTNFUv/Jh7pj9QInXMCQ8FRq1Pqcf"},"_chains":{"BXx4kjU3wm+Kd8j9OqZyU4puh9u9YQxP496MVOWcsWUs":{"chainKey":{"counter":1,"key":"SQwU4/z1pVGw9xe9CXrin+Yc8DwaUPfld5NXEQnUM0w="},"chainType":1,"messageKeys":{}}},"pendingPreKey":{"signedKeyId":3,"baseKey":"BcFSxjVat9CW7W4c4GKCnViGin4c2NnXcotSYuo0cJRR","preKeyId":10301271}}},"version":"v1"}