{"_sessions":{"BWNcZeS0xfdkQPtE0RsWWEwsk5PwEkQyifWvILgEWVln":{"registrationId":1067580392,"currentRatchet":{"ephemeralKeyPair":{"pubKey":"BV1EM4/FfeY4azIHdP6XcF4v6pQGxaCEY8wdmkhS8DYD","privKey":"mM6EZ7/CyDQFolhBoPPbQ0/FdA/DxxWlX+rGJ8JBYmE="},"lastRemoteEphemeralKey":"BXgTkq4J/hnow9YeT7IqWhVTCsY0jvoGFOcIY5dwh+tz","previousCounter":0,"rootKey":"UQ4o/X/3jjHMfEjJr1vJYktny+8lr/voTRt4SoZZ7q8="},"indexInfo":{"baseKey":"BWNcZeS0xfdkQPtE0RsWWEwsk5PwEkQyifWvILgEWVln","baseKeyType":1,"closed":-1,"used":1760429000146,"created":1760429000146,"remoteIdentityKey":"BbeBuqN0VtHrlr/Nv+f3akPqQsKXvqgQQlSwOTco8qdd"},"_chains":{"BV1EM4/FfeY4azIHdP6XcF4v6pQGxaCEY8wdmkhS8DYD":{"chainKey":{"counter":1,"key":"AQpc+3plZ5cS63ZPW2VWUFTiiJFz2TqjJJtc73RB8u8="},"chainType":1,"messageKeys":{}}},"pendingPreKey":{"signedKeyId":2,"baseKey":"BWNcZeS0xfdkQPtE0RsWWEwsk5PwEkQyifWvILgEWVln","preKeyId":15769957}}},"version":"v1"}