{"_sessions":{"Ba0nmXf6eDHOz6Aec8BwKRT86J+h3rvaWrgFh8db77c2":{"registrationId":691638447,"currentRatchet":{"ephemeralKeyPair":{"pubKey":"BXMk9Zsp4/YcWThjd3IgJa4xyqH5BVsSNmGr7u/pwOUe","privKey":"mKLqQclVhJbcUPxa9RiZoSBqWPzDwFM9W64GZeNE410="},"lastRemoteEphemeralKey":"BSDHOMylyBbfGnLeS9IP4nFxdfa3YRM6+gWwVPLubwtE","previousCounter":0,"rootKey":"YimdKPzmXuW9naPawhO9C5R7hRkAOTUwXKrD9wa+opQ="},"indexInfo":{"baseKey":"Ba0nmXf6eDHOz6Aec8BwKRT86J+h3rvaWrgFh8db77c2","baseKeyType":1,"closed":-1,"used":1760424492113,"created":1760424492113,"remoteIdentityKey":"Bcqou1yVJYrlPRE3jDJ8Ywio9JsPeqLA1SjK5Z6LikJd"},"_chains":{"BXMk9Zsp4/YcWThjd3IgJa4xyqH5BVsSNmGr7u/pwOUe":{"chainKey":{"counter":0,"key":"edAR7coHP5lfGr+sP4Mz/u8EpyL+JJkOEMGz9MC1HnY="},"chainType":1,"messageKeys":{}}},"pendingPreKey":{"signedKeyId":6,"baseKey":"Ba0nmXf6eDHOz6Aec8BwKRT86J+h3rvaWrgFh8db77c2","preKeyId":5631757}}},"version":"v1"}