{"_sessions":{"Bd5C8e3OrEkOW3sKy/ym54lAuG1B+2gU5rVq/Xr0pSFF":{"registrationId":883221381,"currentRatchet":{"ephemeralKeyPair":{"pubKey":"BdDfUkQAqXmx+LNWsaUPJJHqqbJ3VgbRQQzFAyxwDMNZ","privKey":"6E5asXqRdkJOH04wFp1uFnN70XpGCIj3+gTq4zVC9kw="},"lastRemoteEphemeralKey":"Bf1bwnOOoK3zX6q5ysBISdpa49tAbTikElvnnnDcZKQt","previousCounter":0,"rootKey":"tXmwsXVZBvyMqqEZrA0NenMWjuYxtm0tKkTK+EUIzs4="},"indexInfo":{"baseKey":"Bd5C8e3OrEkOW3sKy/ym54lAuG1B+2gU5rVq/Xr0pSFF","baseKeyType":1,"closed":-1,"used":1760429002191,"created":1760429002191,"remoteIdentityKey":"BcfTX4V1nfaetM9mP/b2EMAKKauv1Ui77lpUOQYPhYsT"},"_chains":{"BdDfUkQAqXmx+LNWsaUPJJHqqbJ3VgbRQQzFAyxwDMNZ":{"chainKey":{"counter":1,"key":"0SVhwaWv7G5hv0JybXNAlBrYXNQBok4EoCpt98A2LYU="},"chainType":1,"messageKeys":{}}},"pendingPreKey":{"signedKeyId":110,"baseKey":"Bd5C8e3OrEkOW3sKy/ym54lAuG1B+2gU5rVq/Xr0pSFF","preKeyId":11089237}}},"version":"v1"}