{"_sessions":{"BWm9tao2gB2ar662H80VDJT9qYYW3uR7xbeEr7WniDR+":{"registrationId":950739868,"currentRatchet":{"ephemeralKeyPair":{"pubKey":"BT2SWRPm24R++qoUnfuYN/+8IVcKbEsg+wWgU7ySPrEJ","privKey":"oFTc5dBMEbtraGvVit0DXKSQZXKmODN2WNuEklg0ZEo="},"lastRemoteEphemeralKey":"Baq5IYQpVG5I8Uqcy5wId2eG+O5mJmFNfpbBuMrKfEEE","previousCounter":0,"rootKey":"hAol5PMLlfTFvrzExM4BxSZkAZEQk4Yt7K4HlKD7Qig="},"indexInfo":{"baseKey":"BWm9tao2gB2ar662H80VDJT9qYYW3uR7xbeEr7WniDR+","baseKeyType":1,"closed":-1,"used":1760432878838,"created":1760429001662,"remoteIdentityKey":"BRUnWmHbpuzJoFmfB805crfU+nTx6aiUA3hzQLLiyjMZ"},"_chains":{"Baq5IYQpVG5I8Uqcy5wId2eG+O5mJmFNfpbBuMrKfEEE":{"chainKey":{"counter":0,"key":"IK28dDgt0VxP5CRXCo4FPQ7Ruc3WpJOVJBfJpPzH/T8="},"chainType":2,"messageKeys":{}},"BT2SWRPm24R++qoUnfuYN/+8IVcKbEsg+wWgU7ySPrEJ":{"chainKey":{"counter":0,"key":"1BlvEMFNb3qr1cdSeJDCn8QpDf5j31nh68zwq6WYBDY="},"chainType":1,"messageKeys":{}}}}},"version":"v1"}