{"_sessions":{"BXqDckRejwRe4iGnAyZywcIH6PF5azy0XTdPhEzdC+1W":{"registrationId":1360595587,"currentRatchet":{"ephemeralKeyPair":{"pubKey":"BSGhIGpdnkLwl2+R3ZvvQMWGFhFYbqmKXFw4Oh7ZdogI","privKey":"cE20k+hteZ1DyN+1iJVhDYXM4yBTKatxkXWD7H8D42Y="},"lastRemoteEphemeralKey":"BR8kCj7bE28rGqlDLqp42na3Jv1XElNmVOYbSmKQsEtL","previousCounter":0,"rootKey":"+f6BUkP/Jk9VQKuRps+KCRSJickirjBCsoDuYaBFRYk="},"indexInfo":{"baseKey":"BXqDckRejwRe4iGnAyZywcIH6PF5azy0XTdPhEzdC+1W","baseKeyType":1,"closed":-1,"used":1760429001524,"created":1760429001524,"remoteIdentityKey":"BfTrrDvciNF8slNsN3Hf2+mzyLKb1TTnXxyLD+3+bhAR"},"_chains":{"BSGhIGpdnkLwl2+R3ZvvQMWGFhFYbqmKXFw4Oh7ZdogI":{"chainKey":{"counter":1,"key":"eZdiBAmQKlK3woQIvRu/JhdJAWawoiq5nZHY6XCvppY="},"chainType":1,"messageKeys":{}}},"pendingPreKey":{"signedKeyId":3,"baseKey":"BXqDckRejwRe4iGnAyZywcIH6PF5azy0XTdPhEzdC+1W","preKeyId":3986808}}},"version":"v1"}