{"_sessions":{"BWReQUYB2j/DrZdudAIkiKLBmSAp64rXDzUKQpZcq9de":{"registrationId":792443067,"currentRatchet":{"ephemeralKeyPair":{"pubKey":"BRunbgMGnZA0oodG3ocrWgZgXQleoU7xAGHDmj92kysD","privKey":"2JlLpm8LfQ93iwy13zcS/lF7mWM0tvQb7qSRfDDmQ0g="},"lastRemoteEphemeralKey":"BfbUgUEgY7DiIOvF9N5Eu2BW8HQ1UnqQcp1OKooFcXMk","previousCounter":0,"rootKey":"gdmNLnTa/VKfqwsa2QAYv/DrMf0idmOdLUOjtNnGgRQ="},"indexInfo":{"baseKey":"BWReQUYB2j/DrZdudAIkiKLBmSAp64rXDzUKQpZcq9de","baseKeyType":1,"closed":-1,"used":1760429002342,"created":1760429002342,"remoteIdentityKey":"BZm1DQY7meiCAFF4bNIRGeDg7+ozJw3JFXr+Nr8gRPEE"},"_chains":{"BRunbgMGnZA0oodG3ocrWgZgXQleoU7xAGHDmj92kysD":{"chainKey":{"counter":1,"key":"IgUGAq96GO0InVdQ1GNfK7cQA78cNdMiqACUweA/Dlk="},"chainType":1,"messageKeys":{}}},"pendingPreKey":{"signedKeyId":4,"baseKey":"BWReQUYB2j/DrZdudAIkiKLBmSAp64rXDzUKQpZcq9de","preKeyId":3491517}}},"version":"v1"}