{"_sessions":{"BVTMWNaCxOB08zt5513PYwazhEznpaRYq/vftWa5LJl3":{"registrationId":27455402,"currentRatchet":{"ephemeralKeyPair":{"pubKey":"Bdb0d3D+0Ddg0uABpe6I+jneUM/7ouIeYLHU/OPfpaU0","privKey":"oCh2eDgJ6MgKnMQfmZQH6L0WtWatzMP/5cE6jszP7lQ="},"lastRemoteEphemeralKey":"Be+KrKE73dFLyhPkSX0cFmQSEEofe7FKUCuWTctbVNsN","previousCounter":0,"rootKey":"f4uiL7UqqClV+swm+YmvaO/AZFnh5zJxHejQpBZTN+0="},"indexInfo":{"baseKey":"BVTMWNaCxOB08zt5513PYwazhEznpaRYq/vftWa5LJl3","baseKeyType":1,"closed":-1,"used":1760429001507,"created":1760429001507,"remoteIdentityKey":"BcMXznvPXS7lQROdzcF+T68lZ0LLF5hnExVipbTT0EU4"},"_chains":{"Bdb0d3D+0Ddg0uABpe6I+jneUM/7ouIeYLHU/OPfpaU0":{"chainKey":{"counter":1,"key":"LVVnZ6LYifbD9deo06im/99Db5nqITmeJtOpAGr+K/I="},"chainType":1,"messageKeys":{}}},"pendingPreKey":{"signedKeyId":2,"baseKey":"BVTMWNaCxOB08zt5513PYwazhEznpaRYq/vftWa5LJl3"}}},"version":"v1"}