{"_sessions":{"Bag7J56LeXu3Bd17Duehs94OCmnMr7ABzHSEEVLlCftd":{"registrationId":59698028,"currentRatchet":{"ephemeralKeyPair":{"pubKey":"Bbjwd+0Co9xId6r84TRYjRe78LCL4hRrRwYbUABFhPwB","privKey":"8A8MG26U+oRyDd1PHGNP7RWNYVxij694AfNAZSBUr1o="},"lastRemoteEphemeralKey":"BRGA9hdB0ccqW1GqyJH63MqFLrxxklfG36wTSEpXByki","previousCounter":0,"rootKey":"JDRcczKwKlOkoE7vozuuAgtGJkVtkXEZ1z9YD12/cSM="},"indexInfo":{"baseKey":"Bag7J56LeXu3Bd17Duehs94OCmnMr7ABzHSEEVLlCftd","baseKeyType":1,"closed":-1,"used":1760429000738,"created":1760429000738,"remoteIdentityKey":"BZMHmqq0FwpvvNMLM7WKadrWNqXzBvscjGXv+MZcn+9F"},"_chains":{"Bbjwd+0Co9xId6r84TRYjRe78LCL4hRrRwYbUABFhPwB":{"chainKey":{"counter":1,"key":"p0XxvaarArcQWIIpQlihn0xL05icSIsFVMXFtlv+LAQ="},"chainType":1,"messageKeys":{}}},"pendingPreKey":{"signedKeyId":12,"baseKey":"Bag7J56LeXu3Bd17Duehs94OCmnMr7ABzHSEEVLlCftd","preKeyId":7207239}}},"version":"v1"}