{"_sessions":{"Bdoq59cqJzO6FRxmb6G4bJ1ZYDI351gGpbvjwgLQmgt2":{"registrationId":1152221994,"currentRatchet":{"ephemeralKeyPair":{"pubKey":"BbcdMNV0gTguKBSDNFSzOx3xh1qGNKrOzFAK6W3x1yh5","privKey":"+IySJmXqAOyu4AuKayo2aAkiXyjVe7i2Awi8CZ+6J3o="},"lastRemoteEphemeralKey":"BcbOTTyLDY6MLqb9YfKG6z4V8yqF7rQmiieNTVrN2nQj","previousCounter":0,"rootKey":"mev6zm105IVggP2RHdG5nm3ZwpT9W0n4BWymPWf30+k="},"indexInfo":{"baseKey":"Bdoq59cqJzO6FRxmb6G4bJ1ZYDI351gGpbvjwgLQmgt2","baseKeyType":1,"closed":-1,"used":1760429001018,"created":1760429001018,"remoteIdentityKey":"BW1xrUXwd9Spj9DszXnlwxEZTPSChhMthjbFtfv8UXEE"},"_chains":{"BbcdMNV0gTguKBSDNFSzOx3xh1qGNKrOzFAK6W3x1yh5":{"chainKey":{"counter":1,"key":"0zi/BAZ7PTssjBezCyNJPCdPyVgHAAvupAYmoNQ8rLk="},"chainType":1,"messageKeys":{}}},"pendingPreKey":{"signedKeyId":2,"baseKey":"Bdoq59cqJzO6FRxmb6G4bJ1ZYDI351gGpbvjwgLQmgt2","preKeyId":7756795}}},"version":"v1"}