{"_sessions":{"BRvFM3fjDee2oMh7szUn1lltEIw0bQ6zeGQ0nsSVqrUt":{"registrationId":921371108,"currentRatchet":{"ephemeralKeyPair":{"pubKey":"BUlJf6r2k0AnhfeI7olGrU1dmxvOmVfGsaPj2lWeNnAJ","privKey":"wKTIBxQYKT/ffrb4Y2LYHdqWJEQOsupDP2orhn2jylU="},"lastRemoteEphemeralKey":"BVdeub0fG+4sk+jCmSMlioEPcvfkSxX4WQxrNk2gaTZQ","previousCounter":0,"rootKey":"dqZHhIU8/ZF9SOf2lNChYZ2BZD46lPzLvvtFg1rnNlg="},"indexInfo":{"baseKey":"BRvFM3fjDee2oMh7szUn1lltEIw0bQ6zeGQ0nsSVqrUt","baseKeyType":1,"closed":-1,"used":1760429000299,"created":1760429000299,"remoteIdentityKey":"BVVrAMmMNulaGDTWEdA+9jstSsgTdLyzlWV3MzcNeRFE"},"_chains":{"BUlJf6r2k0AnhfeI7olGrU1dmxvOmVfGsaPj2lWeNnAJ":{"chainKey":{"counter":1,"key":"ItxETtrQJc2sYsIDaDv1WEvyDsTeTnu878Z2ZZ4zXCE="},"chainType":1,"messageKeys":{}}},"pendingPreKey":{"signedKeyId":5,"baseKey":"BRvFM3fjDee2oMh7szUn1lltEIw0bQ6zeGQ0nsSVqrUt","preKeyId":1525274}}},"version":"v1"}