{"_sessions":{"BUNkCRq8NHFenrs7xZviTRwUNxkpOMLMbKStP0j8S9Z5":{"registrationId":1237814408,"currentRatchet":{"ephemeralKeyPair":{"pubKey":"BWXBzMlkkuiMXujkhKLqPT743Ec1bm+2WVPBPDUAdyMW","privKey":"MAZhf0LA6bRonxjFlVaXbh4L0pHNkJiWwDsuZDSovl0="},"lastRemoteEphemeralKey":"BXuOb3zlA3WE3FeOmZM27OSk1cs4wg7OdrH7Dlh9e94a","previousCounter":0,"rootKey":"hnUA4iscFGKxUSfJU2OAvA11sdxAscoFwapwHxhcaao="},"indexInfo":{"baseKey":"BUNkCRq8NHFenrs7xZviTRwUNxkpOMLMbKStP0j8S9Z5","baseKeyType":1,"closed":-1,"used":1760429000069,"created":1760429000069,"remoteIdentityKey":"BbaAOv84M1CUEsssVsSSIN9XbR7QBHy0JPbwEZ6LGGMx"},"_chains":{"BWXBzMlkkuiMXujkhKLqPT743Ec1bm+2WVPBPDUAdyMW":{"chainKey":{"counter":1,"key":"yX8OzWYU+fSjGD04zDtDkZ4o1jVBGNSnPL4II9fZQhI="},"chainType":1,"messageKeys":{}}},"pendingPreKey":{"signedKeyId":28,"baseKey":"BUNkCRq8NHFenrs7xZviTRwUNxkpOMLMbKStP0j8S9Z5","preKeyId":2695410}}},"version":"v1"}