{"_sessions":{"BdRlQcGR0yArfdn4j6AcGfuvyVSLso8GzL4qen9OcNQi":{"registrationId":1963544385,"currentRatchet":{"ephemeralKeyPair":{"pubKey":"BQJMRNCRsQ0TwFLH2GUQktFMHF2oSNfUNg6JypORxjMG","privKey":"mE3pJDfFVNaaulhRfJbbypfQY3wO+QJyG91L6iC2XGo="},"lastRemoteEphemeralKey":"BVx0X/XD/61MVdP3L+IrYDElOSvL5GhQWOUrSlsROFM8","previousCounter":0,"rootKey":"LrcZnZyzcuXBQXkbabFco2wyMxdYfqTipLvU6cub9gA="},"indexInfo":{"baseKey":"BdRlQcGR0yArfdn4j6AcGfuvyVSLso8GzL4qen9OcNQi","baseKeyType":2,"closed":-1,"used":1760421602677,"created":1760421602677,"remoteIdentityKey":"BQgZTQ31N9EtpsLfvE7aiaIOQteGQvbIrMAu5xRx/C4n"},"_chains":{"BVx0X/XD/61MVdP3L+IrYDElOSvL5GhQWOUrSlsROFM8":{"chainKey":{"counter":4,"key":"eCHUP1LWREKEQp6tgFPCwXRabG72PARme2q+T7cKwEs="},"chainType":2,"messageKeys":{}},"BQJMRNCRsQ0TwFLH2GUQktFMHF2oSNfUNg6JypORxjMG":{"chainKey":{"counter":-1,"key":"xTRpoGKv5H6v+Cd+3EpRFrM6NPfEKmitTUM6dwtk1uA="},"chainType":1,"messageKeys":{}}}}},"version":"v1"}