{"_sessions":{"BYkDrFPq9gpN/IRWSuRQGKwZdeT/VK0s4DqvR49Ra99j":{"registrationId":1887305919,"currentRatchet":{"ephemeralKeyPair":{"pubKey":"BYwN61LfjdL7oj1Dm6G91KUgwwjBBRE1HTLokMrL3dFn","privKey":"ICcPLoAIesZI+ZyEr7GkOOY/HlzTA9vrLKpomc9Z6FU="},"lastRemoteEphemeralKey":"BT3AVQDvPx1qIzRWj5BSHnHoIqO26LnK5JwhwqAaWVhZ","previousCounter":0,"rootKey":"ryhvqc+KhA3mPoWzXVJdVeNpyUTe6wprRE25DACwLG8="},"indexInfo":{"baseKey":"BYkDrFPq9gpN/IRWSuRQGKwZdeT/VK0s4DqvR49Ra99j","baseKeyType":1,"closed":-1,"used":1760429000931,"created":1760429000931,"remoteIdentityKey":"BZ4HRTRWoBqn8qphA2M7lCvkHDu+uhq0SwKitz0KuAse"},"_chains":{"BYwN61LfjdL7oj1Dm6G91KUgwwjBBRE1HTLokMrL3dFn":{"chainKey":{"counter":1,"key":"LZthuBhkETTFTUvxlBNGBB+Tcn/gSSBfcwg6Xh+LEDc="},"chainType":1,"messageKeys":{}}},"pendingPreKey":{"signedKeyId":3,"baseKey":"BYkDrFPq9gpN/IRWSuRQGKwZdeT/VK0s4DqvR49Ra99j","preKeyId":6942401}}},"version":"v1"}