{"_sessions":{"Bb1MRvvFu384InzzcTNCQTmPQNMrL9Lxl4FKBbYhP3wC":{"registrationId":1786471469,"currentRatchet":{"ephemeralKeyPair":{"pubKey":"BbobvoNSm8tABlWtQVthejnW87YeDd/6Y9S7FpF3XVhG","privKey":"MOEwu53PrNhquuQu9tUnq5kHr5FDjximfGLxItgBSEY="},"lastRemoteEphemeralKey":"BTNVML5UAAot1yrTvYpvGl9csxMFQEMCeoW6peXvpjx+","previousCounter":0,"rootKey":"5YxuH3PWz4u/7R9p9T63Pa9NwJhcHf1zydmOX/B+KCM="},"indexInfo":{"baseKey":"Bb1MRvvFu384InzzcTNCQTmPQNMrL9Lxl4FKBbYhP3wC","baseKeyType":1,"closed":-1,"used":1760428999880,"created":1760428999880,"remoteIdentityKey":"BdunYrCi/hO/fzY+OS0wlteDlxIhNN9TYXDruKW66X48"},"_chains":{"BbobvoNSm8tABlWtQVthejnW87YeDd/6Y9S7FpF3XVhG":{"chainKey":{"counter":1,"key":"7J8iq9OOxbcNhNgJmt2NwQ9zeZPl9lQnZR7rKb26zXw="},"chainType":1,"messageKeys":{}}},"pendingPreKey":{"signedKeyId":1,"baseKey":"Bb1MRvvFu384InzzcTNCQTmPQNMrL9Lxl4FKBbYhP3wC","preKeyId":1588917}}},"version":"v1"}