{"_sessions":{"BTuBJvRhQgJDDyYFciWgC3xA33VzIGx54iqwxNsy0CEH":{"registrationId":1293921231,"currentRatchet":{"ephemeralKeyPair":{"pubKey":"BYbYOciY9DySGLS7BViepUQ/ABggxnES4YlT4NsXoLFd","privKey":"QB0ZR2NvM3W2y9xNJFbVJLGiz1MyFlIklFulNgYiZXo="},"lastRemoteEphemeralKey":"Be6EbOrg1U16E1lFSwlWQXy1oHiYlPnR5rJkMqngqS0F","previousCounter":0,"rootKey":"kGBsqT9YFMlHUvn/ZbZl6rAzH/3mOvjFnEw4MTRULek="},"indexInfo":{"baseKey":"BTuBJvRhQgJDDyYFciWgC3xA33VzIGx54iqwxNsy0CEH","baseKeyType":1,"closed":-1,"used":1760424492207,"created":1760424492207,"remoteIdentityKey":"BYB4L7aLi5A8dhNqMpjl7Y2Cl50HL1ymeQOxz70+mmp0"},"_chains":{"BYbYOciY9DySGLS7BViepUQ/ABggxnES4YlT4NsXoLFd":{"chainKey":{"counter":0,"key":"mNoOfvBP6YQmsJylvM/e3JgxqXjtGYDOd2tpK6+y3ew="},"chainType":1,"messageKeys":{}}},"pendingPreKey":{"signedKeyId":20,"baseKey":"BTuBJvRhQgJDDyYFciWgC3xA33VzIGx54iqwxNsy0CEH","preKeyId":2265344}}},"version":"v1"}