{"_sessions":{"BSgc8+AbC2o7C2PnfT47MpwFnxXtqlSmF0353RafiTxH":{"registrationId":337256239,"currentRatchet":{"ephemeralKeyPair":{"pubKey":"BcimkLYb2yMs5vGGc+FUYJsghAnTBQz06MTl5Yp4yJFK","privKey":"0BXs/XsH5BzAVZ5YGBzvJlvhqhjxPKq3JGrvF+NirHY="},"lastRemoteEphemeralKey":"BegnyxnjnFOg3jxnINSrQZOa9bMe96Rh+gHP1w9JBbdJ","previousCounter":0,"rootKey":"ZUIil+1hpqG4/JDWpCfKd+IlZQDTr9lEJDA0n27w26w="},"indexInfo":{"baseKey":"BSgc8+AbC2o7C2PnfT47MpwFnxXtqlSmF0353RafiTxH","baseKeyType":1,"closed":-1,"used":1760429002207,"created":1760429002207,"remoteIdentityKey":"BaT+OUbe1h0VhQinqI/bGx2PDjJ9ySslX2zydxsKWBV2"},"_chains":{"BcimkLYb2yMs5vGGc+FUYJsghAnTBQz06MTl5Yp4yJFK":{"chainKey":{"counter":1,"key":"6wiCxo7L+7ttY14Bf/fzp24XLK5sYuhcnskFKYONyQ4="},"chainType":1,"messageKeys":{}}},"pendingPreKey":{"signedKeyId":19,"baseKey":"BSgc8+AbC2o7C2PnfT47MpwFnxXtqlSmF0353RafiTxH","preKeyId":14512698}}},"version":"v1"}