{"_sessions":{"BUph1Om2cGyJxCLOCHUSfVDa0hmEa9wqqWX9/MM/HbME":{"registrationId":150474289,"currentRatchet":{"ephemeralKeyPair":{"pubKey":"BQKgXl3Irvvt4DbAc/DrqjzvJdVOtl3QTEx3l1KHqCFN","privKey":"mOR1Xd9RLTh5aBenHcKDS4CrcH4MyPYTf+KpyFvWW0g="},"lastRemoteEphemeralKey":"BTTvb/JLHG9VEPxlFqlOvmD7VZxgjeERtCumf4Dyqnku","previousCounter":0,"rootKey":"0HGgJRZmDT25IjKrOii2ZL0UM6fxqdlC43K/AV/AsxY="},"indexInfo":{"baseKey":"BUph1Om2cGyJxCLOCHUSfVDa0hmEa9wqqWX9/MM/HbME","baseKeyType":1,"closed":-1,"used":1760428999963,"created":1760428999963,"remoteIdentityKey":"BZW2jCjE6zVgZmbq4DOKfhxUwzacf2hOcuM/dPWyjnFg"},"_chains":{"BQKgXl3Irvvt4DbAc/DrqjzvJdVOtl3QTEx3l1KHqCFN":{"chainKey":{"counter":1,"key":"ffZzP6X/gDNvQR4p9dlurxT/mPp83r9S7EdwbIGU7bY="},"chainType":1,"messageKeys":{}}},"pendingPreKey":{"signedKeyId":5,"baseKey":"BUph1Om2cGyJxCLOCHUSfVDa0hmEa9wqqWX9/MM/HbME","preKeyId":4098706}}},"version":"v1"}