{"_sessions":{"BRSgfiQy7iIX2gdb1uOQCYsP47jcHUUNsolhyzRxtk5J":{"registrationId":1337745905,"currentRatchet":{"ephemeralKeyPair":{"pubKey":"BXHtbjePhH0/UH7KSlwhXpbC+vwkk1rrWoTLB2cXD6sB","privKey":"SHuU8BWvc9UW8w4ZlhlbNh1VA66Cnyq6Pi/dXbzjhko="},"lastRemoteEphemeralKey":"BR9mev4VSHoaDATmRQvj6Mb8zRRFD7KFpU4gFKzh4gEO","previousCounter":0,"rootKey":"68SqHXBF1lGCgxxAi+Jvq9aNkm1ytoLbgvXeN6j97Q8="},"indexInfo":{"baseKey":"BRSgfiQy7iIX2gdb1uOQCYsP47jcHUUNsolhyzRxtk5J","baseKeyType":2,"closed":-1,"used":1760421601488,"created":1760421601488,"remoteIdentityKey":"BcpTXJba9ELSDiJcT3CS3lGe8WYxxYKAOrNLDO/10CcL"},"_chains":{"BR9mev4VSHoaDATmRQvj6Mb8zRRFD7KFpU4gFKzh4gEO":{"chainKey":{"counter":0,"key":"dg6jnKR3uz4QEBHCIOwevIpMQ9yy41DOAXHhJkN0PfU="},"chainType":2,"messageKeys":{}},"BXHtbjePhH0/UH7KSlwhXpbC+vwkk1rrWoTLB2cXD6sB":{"chainKey":{"counter":1,"key":"JyvxeOKdggjX9S2Zf/caXqGyHLUHLncgI0FPcTJ0/cA="},"chainType":1,"messageKeys":{}}}}},"version":"v1"}