{"_sessions":{"BbjbfY38O8NM0ZWwcUFwRgxtaxEUKwHbDbLDQiNrhQ1A":{"registrationId":412431548,"currentRatchet":{"ephemeralKeyPair":{"pubKey":"Bc4xn/0sKX5GjPG/xOT/tsxajcdJxrXq+k3qVsmegCU/","privKey":"QAV/z4Is1xI3yA78TU0aj3VCQM0YA+r9pPbh+dYn7nk="},"lastRemoteEphemeralKey":"Bbldqe//ZFougcyo16MIIx+SzMnZsC24LgVkxTc+Yh89","previousCounter":0,"rootKey":"OHHeje8nDZ3vS2Hhokfi3CGsfNJYozZxWe6HFA91Fmw="},"indexInfo":{"baseKey":"BbjbfY38O8NM0ZWwcUFwRgxtaxEUKwHbDbLDQiNrhQ1A","baseKeyType":1,"closed":-1,"used":1760429000446,"created":1760429000446,"remoteIdentityKey":"Bd0A8LpiUZ6qHVDW+ujgeeDGYrvu0tgdFFx7f6cjk7AH"},"_chains":{"Bc4xn/0sKX5GjPG/xOT/tsxajcdJxrXq+k3qVsmegCU/":{"chainKey":{"counter":1,"key":"u/iP0LxVGna2q/WkkgUyBgrlUWFXYYTbARo3W+bcyNk="},"chainType":1,"messageKeys":{}}},"pendingPreKey":{"signedKeyId":4,"baseKey":"BbjbfY38O8NM0ZWwcUFwRgxtaxEUKwHbDbLDQiNrhQ1A","preKeyId":7694049}}},"version":"v1"}