{"_sessions":{"BdTyj3mFKMcngLss9Rs/UuMugByufaCKZHiiK+MNmnQf":{"registrationId":2079838173,"currentRatchet":{"ephemeralKeyPair":{"pubKey":"BR+b5CD50xRT0hf9ig8eZa5UmuglOPGeR8ysWFV93Ucj","privKey":"eMR/GQXXIz7vxx0WmQ6FKtm1QsB/5mBib8yUf2kOckY="},"lastRemoteEphemeralKey":"BUKPWmCFTa4iDaf58HuQSPCS9ALIhAIviIxWiKE+VFg6","previousCounter":0,"rootKey":"xOkg9nTRyEEAekUm9kS45dkrjxXOiFDnOB8rPtcLPfU="},"indexInfo":{"baseKey":"BdTyj3mFKMcngLss9Rs/UuMugByufaCKZHiiK+MNmnQf","baseKeyType":1,"closed":-1,"used":1760429001150,"created":1760429001150,"remoteIdentityKey":"BYh4IsAb5aNATRBZ2+f1j/6nSJrPgItzsDSo9bReDyAq"},"_chains":{"BR+b5CD50xRT0hf9ig8eZa5UmuglOPGeR8ysWFV93Ucj":{"chainKey":{"counter":1,"key":"PvShwsF3ivd19F26EDNuWC0rOo8MOnOlhpBcg7y+7f8="},"chainType":1,"messageKeys":{}}},"pendingPreKey":{"signedKeyId":0,"baseKey":"BdTyj3mFKMcngLss9Rs/UuMugByufaCKZHiiK+MNmnQf","preKeyId":14013641}}},"version":"v1"}