{"_sessions":{"BVDzO8BXg3wZS84arqf5tN78hu/24fXMm9kFQRO5Dbxs":{"registrationId":1125984354,"currentRatchet":{"ephemeralKeyPair":{"pubKey":"BVNe9s2U1sX1h4jtW4GRuhNn07LBa5D4KjdrJWvL5W1a","privKey":"6OtjQIPcSfWXjwzZoBNot+dfG1YMQ+7ASlHTvE5EcHs="},"lastRemoteEphemeralKey":"BU3KVmYkE3ZmZ3mMneouwk/DA3yZ6z1StByqh00MVisa","previousCounter":0,"rootKey":"GgKk0RgdIHfs+UNJYKJ/ao9AOo/XjF8p8lWE8a/79vI="},"indexInfo":{"baseKey":"BVDzO8BXg3wZS84arqf5tN78hu/24fXMm9kFQRO5Dbxs","baseKeyType":1,"closed":-1,"used":1760429001495,"created":1760429001495,"remoteIdentityKey":"BXRKyCeMSCimOlgcLI0myKSmrB5cxUAa6vPHJVkZ33h5"},"_chains":{"BVNe9s2U1sX1h4jtW4GRuhNn07LBa5D4KjdrJWvL5W1a":{"chainKey":{"counter":1,"key":"OioLk7AQKVNMafVC8yr9SOP7JfgDk8RDv8WGc/zUSnM="},"chainType":1,"messageKeys":{}}},"pendingPreKey":{"signedKeyId":3,"baseKey":"BVDzO8BXg3wZS84arqf5tN78hu/24fXMm9kFQRO5Dbxs","preKeyId":11551015}}},"version":"v1"}