{"_sessions":{"BVMEKdfQ7CRQOYUtV8D0d3Zi4EI8kCklsfbL72oLRXMD":{"registrationId":1654689761,"currentRatchet":{"ephemeralKeyPair":{"pubKey":"BWMLTLE3I0sHKLDSwFCConhns9oetKe46LdE/oeAQq5l","privKey":"iPhFmn4V+xLmqpxYMsmoVf5Ilc42QPAop0yZ/d7f2mA="},"lastRemoteEphemeralKey":"BYoE5R5APsOkevt92bDIXDC7v0HXcpun9I/yl0CW6Eww","previousCounter":0,"rootKey":"z5TqjGGyh4eS0+a1SbGnQuD1e9MznC9OV8QN3HyrwJ0="},"indexInfo":{"baseKey":"BVMEKdfQ7CRQOYUtV8D0d3Zi4EI8kCklsfbL72oLRXMD","baseKeyType":1,"closed":-1,"used":1760429002156,"created":1760429002156,"remoteIdentityKey":"BcLfX+65wW6IhGOLZgHhg+iU9mQuba44kqN8XF8aIr5r"},"_chains":{"BWMLTLE3I0sHKLDSwFCConhns9oetKe46LdE/oeAQq5l":{"chainKey":{"counter":1,"key":"yMG/AaE1QaPTSdeNO17IG5Iiz2R9HIElpnvktylOE9U="},"chainType":1,"messageKeys":{}}},"pendingPreKey":{"signedKeyId":8,"baseKey":"BVMEKdfQ7CRQOYUtV8D0d3Zi4EI8kCklsfbL72oLRXMD","preKeyId":7865471}}},"version":"v1"}