{"_sessions":{"Be9zMR8w4J9yMgzDfXa3xusxU+B59JZUhRR9hao4tfpI":{"registrationId":2060956657,"currentRatchet":{"ephemeralKeyPair":{"pubKey":"BVnVRyhrmvKTsJ6DVIsXa+ocJT7aN5ztuqZ0Tghve5Nz","privKey":"MGO/zXGvNfkRJ7YN7filymHdnIjOfiDABrjR2H82oU8="},"lastRemoteEphemeralKey":"Bf372AmApPHehMkomFtCJL5HIAWlpjFWGp2SS/NcRHN0","previousCounter":0,"rootKey":"oxp6M7nZKHKPZ9VG/2E5KVCVMPWdCun+HcpXSSmn8f4="},"indexInfo":{"baseKey":"Be9zMR8w4J9yMgzDfXa3xusxU+B59JZUhRR9hao4tfpI","baseKeyType":1,"closed":-1,"used":1760429001898,"created":1760429001898,"remoteIdentityKey":"Bce2e3/aJ/OshPbYZns88LcRr1fhNI5H4q0/LTFR7W9K"},"_chains":{"BVnVRyhrmvKTsJ6DVIsXa+ocJT7aN5ztuqZ0Tghve5Nz":{"chainKey":{"counter":1,"key":"z4Xhd/CG3XdUpX3zineDJRFsEhGbKnnYazGJTh0QuiY="},"chainType":1,"messageKeys":{}}},"pendingPreKey":{"signedKeyId":9,"baseKey":"Be9zMR8w4J9yMgzDfXa3xusxU+B59JZUhRR9hao4tfpI","preKeyId":15341379}}},"version":"v1"}