{"_sessions":{"BSJ2CtCYUaiCLpWnno4j7jpA4CRtskHTDUy/odQ4wtEK":{"registrationId":1489849529,"currentRatchet":{"ephemeralKeyPair":{"pubKey":"BWk+sT5rbtY5UVPYjKdwygj8nqf3FRIztx8QexCOlIIJ","privKey":"yMZ6jl8+cz8muPkz61RQxyb8+GNGb0YrfHmRAJgRb24="},"lastRemoteEphemeralKey":"BZCqSA9DTm2JnOhuMOhKHWYh7k1vXJvVzu05d24+Go1B","previousCounter":0,"rootKey":"PKPR10RZiRyjK4N1ahfs/PRDAW3hsUHYb72z9Mw5ey0="},"indexInfo":{"baseKey":"BSJ2CtCYUaiCLpWnno4j7jpA4CRtskHTDUy/odQ4wtEK","baseKeyType":1,"closed":-1,"used":1760428999836,"created":1760428999836,"remoteIdentityKey":"Beu1VUiEx9t4PXqRmMJyFauHnf18c9WxSMa1PdLvKRJu"},"_chains":{"BWk+sT5rbtY5UVPYjKdwygj8nqf3FRIztx8QexCOlIIJ":{"chainKey":{"counter":1,"key":"Wp4y5PEwHQkmZ0g7e0exTNFUL24HFjIQV3wbOSCtvQE="},"chainType":1,"messageKeys":{}}},"pendingPreKey":{"signedKeyId":0,"baseKey":"BSJ2CtCYUaiCLpWnno4j7jpA4CRtskHTDUy/odQ4wtEK","preKeyId":15960558}}},"version":"v1"}