{"_sessions":{"BQksUXhscVHexE2z0cZ10vtUN2BMrFT140E2OPG1X9J1":{"registrationId":981373296,"currentRatchet":{"ephemeralKeyPair":{"pubKey":"BUSz1XXdqg8Muw7X8p5Xa8EaVYZZ/4SJnO7FE1KSWRx4","privKey":"EAS+qoBnP0klZ14Q+1hfUVu5+JCf/bpTFDzJuJIVOEg="},"lastRemoteEphemeralKey":"BSW4KG242U4jfCrSGztwJg96ymAfBHxY44edMUvNYmVt","previousCounter":0,"rootKey":"olli4yETgN1FLRWjbx2FxaCTd5mT9mLmgqs6acxisyw="},"indexInfo":{"baseKey":"BQksUXhscVHexE2z0cZ10vtUN2BMrFT140E2OPG1X9J1","baseKeyType":1,"closed":-1,"used":1760428999719,"created":1760428999719,"remoteIdentityKey":"BRrw1k07s0KiOizTVLRqE93NUx2XEdtJ/X5HiLKAMtJN"},"_chains":{"BUSz1XXdqg8Muw7X8p5Xa8EaVYZZ/4SJnO7FE1KSWRx4":{"chainKey":{"counter":1,"key":"tEmDGZL2gkmufsvWZU4AxueSJqsrRlCdpBsmIP+0Hzw="},"chainType":1,"messageKeys":{}}},"pendingPreKey":{"signedKeyId":1,"baseKey":"BQksUXhscVHexE2z0cZ10vtUN2BMrFT140E2OPG1X9J1","preKeyId":3668892}}},"version":"v1"}