{"_sessions":{"BY4/LA7Iv5sRl47KkiWqHiX15TsXAvmfiVh5h5tYoc0c":{"registrationId":1781014602,"currentRatchet":{"ephemeralKeyPair":{"pubKey":"Bc0yviicj8cX2VuoHkyN0hb7LkhedIMhfH4E+VfrZfpJ","privKey":"qG4bQ09bzBD/TJ0w3eMfVE2TCn3aeV/60V86r8qwRFc="},"lastRemoteEphemeralKey":"Bb6wU/4HyOooSdMD4oVjz+v89xzDrvFAxQSpwonitQ89","previousCounter":0,"rootKey":"/cBQxXBDO7ofe2RC//SkB3ezRLJun1iIxhnpl8KjCvU="},"indexInfo":{"baseKey":"BY4/LA7Iv5sRl47KkiWqHiX15TsXAvmfiVh5h5tYoc0c","baseKeyType":1,"closed":-1,"used":1760428999864,"created":1760428999864,"remoteIdentityKey":"BdoVfo2GNi58PnCXAbRMZa/GkdWrC+fEyoB4mlIBAidU"},"_chains":{"Bc0yviicj8cX2VuoHkyN0hb7LkhedIMhfH4E+VfrZfpJ":{"chainKey":{"counter":1,"key":"DcRCWIbEQxT14oDqsOs2CU4t6SCvBajbD62iRI0RnVQ="},"chainType":1,"messageKeys":{}}},"pendingPreKey":{"signedKeyId":2,"baseKey":"BY4/LA7Iv5sRl47KkiWqHiX15TsXAvmfiVh5h5tYoc0c","preKeyId":8449569}}},"version":"v1"}