{"_sessions":{"Bfon+uCvDa8rXRvMOpfygZdkmo/auvcY0J3Y7lloYMdr":{"registrationId":840436117,"currentRatchet":{"ephemeralKeyPair":{"pubKey":"BZ/baP5P7KTo158yBs1mQ53tpLMEzhz3diDKwTOuOSEI","privKey":"sCrL3WgKrBxLS3odKJvwVVlwPYLtHHiQ9QGIYHOPSWw="},"lastRemoteEphemeralKey":"BZEeMPKF2vsKMhCrUuIshwdfmpGTgArV6QawnAhasVNP","previousCounter":0,"rootKey":"3tKxKFxLnlbp+iLbqCGHoZ+XbaqlctunIX9UZEVNm40="},"indexInfo":{"baseKey":"Bfon+uCvDa8rXRvMOpfygZdkmo/auvcY0J3Y7lloYMdr","baseKeyType":1,"closed":-1,"used":1760429000559,"created":1760429000559,"remoteIdentityKey":"BcDFLEYK2JGg9X/Urbl88lyHt1S+z8HZ9sinbLneNmRZ"},"_chains":{"BZ/baP5P7KTo158yBs1mQ53tpLMEzhz3diDKwTOuOSEI":{"chainKey":{"counter":1,"key":"e3ywPCIsecFOS9VAWGDlENZcsQFUWQTHr7PTLaiyd1U="},"chainType":1,"messageKeys":{}}},"pendingPreKey":{"signedKeyId":4,"baseKey":"Bfon+uCvDa8rXRvMOpfygZdkmo/auvcY0J3Y7lloYMdr","preKeyId":2985618}}},"version":"v1"}