{"_sessions":{"BdT6WiH1mbD9UaRcGVtIRP65rzVir50iLbemY5dnlz8E":{"registrationId":808053668,"currentRatchet":{"ephemeralKeyPair":{"pubKey":"Beo64vXEv2m3dCqlpQsyGy9apzgPvj2GUvxmKA5JuRgU","privKey":"yKD1CFgx86HSF7+e0/g+coRKsiD5+gDmR2sFVdOl00I="},"lastRemoteEphemeralKey":"BS8W6SK2P2Tx0doBgXHwt6gIQ1SyxcZoLLc6Wma+ofNf","previousCounter":0,"rootKey":"kcj/HXx4QyGtvhsUjotS023E3KS6m6ArdhYWyp7pZ3I="},"indexInfo":{"baseKey":"BdT6WiH1mbD9UaRcGVtIRP65rzVir50iLbemY5dnlz8E","baseKeyType":2,"closed":1760400688779,"used":1760396850786,"created":1760396839363,"remoteIdentityKey":"BaidY3ISD800E3ifCBzzV1Ths3F08yoJSLj6Ex1ndx9T"},"_chains":{"BaxtkrOKFhY8Q6O7LhKDPkAlN9D633hJxfXkWorFu2cv":{"chainKey":{"counter":0},"chainType":2,"messageKeys":{}},"BS8W6SK2P2Tx0doBgXHwt6gIQ1SyxcZoLLc6Wma+ofNf":{"chainKey":{"counter":0,"key":"0HVo1CzVTOnqZ7PsyQTMTjwsdqQG0LGmoYPvzcVzHno="},"chainType":2,"messageKeys":{}},"Beo64vXEv2m3dCqlpQsyGy9apzgPvj2GUvxmKA5JuRgU":{"chainKey":{"counter":-1,"key":"5o5vnX11DMzEYDBCm1N1WrVR9romPuYWGO/oLqaJVjs="},"chainType":1,"messageKeys":{}}}},"BSHK1xJCEZgs+GH3y54CItaq6cxaKyH1QOtEtZ+x+bpe":{"registrationId":808053668,"currentRatchet":{"ephemeralKeyPair":{"pubKey":"BY41V+YyM6eOSkTM6+rFRM2N0vX2qv1gOskP+qDsOBp7","privKey":"ePQQDDnClTyNXE36oIz0mD6VeoGbJlNXTDcuRkRML3Q="},"lastRemoteEphemeralKey":"BW5wenttUB4soHmUoqEtF2dElnaDu2IiAqTCxATyiMdL","previousCounter":0,"rootKey":"RLOn4bmSlFkLjyn0D5MlfQS1msdtCTz9htIfY/WqM+w="},"indexInfo":{"baseKey":"BSHK1xJCEZgs+GH3y54CItaq6cxaKyH1QOtEtZ+x+bpe","baseKeyType":2,"closed":1760423779991,"used":1760421602748,"created":1760400688796,"remoteIdentityKey":"BaidY3ISD800E3ifCBzzV1Ths3F08yoJSLj6Ex1ndx9T"},"_chains":{"BSde1f8jplqQMD92YO6rkslk/eh9pDfiycc8WghWOi1g":{"chainKey":{"counter":2},"chainType":2,"messageKeys":{}},"BXLCyF3pzXb4ixfNJPmQlJ65lglB0zsv12AMY02bpbc+":{"chainKey":{"counter":1},"chainType":2,"messageKeys":{}},"BW5wenttUB4soHmUoqEtF2dElnaDu2IiAqTCxATyiMdL":{"chainKey":{"counter":1,"key":"o2jQyHJmsioo52Gc19X9w0/x1IfD1zN7CzLG1PG+vPA="},"chainType":2,"messageKeys":{"0":"3kwBqOOlyBfhc/hlyQdyklFBqmt6NrkpizxYn8N2Mcc="}},"BY41V+YyM6eOSkTM6+rFRM2N0vX2qv1gOskP+qDsOBp7":{"chainKey":{"counter":-1,"key":"s1F3PDXq8s3lbeJ6TcBHZ3YvVy/yxsRxPDPgRcOsg9Q="},"chainType":1,"messageKeys":{}}}},"BZUFBmo27NI8NJ6JC24m9NkIeXFyaSOGk5JJVfoTsrN+":{"registrationId":808053668,"currentRatchet":{"ephemeralKeyPair":{"pubKey":"BVnURnCo2bg2sde0jjN6W3ac3QPVud23VZAgcC8PjKRY","privKey":"eB85mQc1ArcLeSbtFUcZJfSfaxXaDuSn+B0aRw1fa3Y="},"lastRemoteEphemeralKey":"BUMRjCkKB9o8HHj4HFKNx95C57z/b1lU2xZ5n/1nJOxG","previousCounter":0,"rootKey":"Fc3WAmCInlsJbtzOWNGtNRjlma7bpFtnj1GDMR+ToGc="},"indexInfo":{"baseKey":"BZUFBmo27NI8NJ6JC24m9NkIeXFyaSOGk5JJVfoTsrN+","baseKeyType":2,"closed":1760424453865,"used":1760423780009,"created":1760423780009,"remoteIdentityKey":"BaidY3ISD800E3ifCBzzV1Ths3F08yoJSLj6Ex1ndx9T"},"_chains":{"BUMRjCkKB9o8HHj4HFKNx95C57z/b1lU2xZ5n/1nJOxG":{"chainKey":{"counter":0,"key":"MIsBcL49Zfn7ppD7A9ocV6HqfbYoZ0iYwM1lPW4R+9E="},"chainType":2,"messageKeys":{}},"BVnURnCo2bg2sde0jjN6W3ac3QPVud23VZAgcC8PjKRY":{"chainKey":{"counter":-1,"key":"iMPn9ydsb0/f+XjA/rYJRpmF2HKI7CqhOEKnuhylWZg="},"chainType":1,"messageKeys":{}}}},"BUDXuapEk7ZiU2PXKhiCsgmwjRA7ZU3jiffu2sHbXoot":{"registrationId":808053668,"currentRatchet":{"ephemeralKeyPair":{"pubKey":"BQVyDr3gbu0cCnXE+8oj5A6nlze+V5aWMCac0YLIuoB6","privKey":"6AZ/0aUxSn6Ibk73tonDGiW/4ulEKLIu6WMmLhD9rVY="},"lastRemoteEphemeralKey":"BXQi6IHXbYivU2a8GjD36jWwgyr03R3OdVm3yUb+b8kR","previousCounter":0,"rootKey":"z8CtvpuT7XiG3JMVD4SzWGkAyAl6/+7+9tuds4SfaYM="},"indexInfo":{"baseKey":"BUDXuapEk7ZiU2PXKhiCsgmwjRA7ZU3jiffu2sHbXoot","baseKeyType":2,"closed":1760428023197,"used":1760426994755,"created":1760424453888,"remoteIdentityKey":"BaidY3ISD800E3ifCBzzV1Ths3F08yoJSLj6Ex1ndx9T"},"_chains":{"BdgA8kCnqM951k6GTRXo26KS9hc5kNVWGeZ0Lv14Q28b":{"chainKey":{"counter":1},"chainType":2,"messageKeys":{}},"BXQi6IHXbYivU2a8GjD36jWwgyr03R3OdVm3yUb+b8kR":{"chainKey":{"counter":1,"key":"pc7Lhrwo4AnOQCSZ8m/WFNcxD0gZZwii3fH9E+cLutA="},"chainType":2,"messageKeys":{}},"BQVyDr3gbu0cCnXE+8oj5A6nlze+V5aWMCac0YLIuoB6":{"chainKey":{"counter":-1,"key":"uLlpnkibo8RdtKU7Wq2ARPgEKU3GxPJwBTy00R4jnHw="},"chainType":1,"messageKeys":{}}}},"BQ0aXbFSmjohqE7fDXkuQ9QA37A+D1WA6f4rezZhJVVK":{"registrationId":808053668,"currentRatchet":{"ephemeralKeyPair":{"pubKey":"BUEm9PA8F9K66YGvqrZMazTJekhgTynIe+/QN21ZwWdu","privKey":"EBL3KfLwST6nw0dT1Y15zeFHGoPcGKNR5pGf6DsNClg="},"lastRemoteEphemeralKey":"BW5xVriUHQSb9SkkZNW/x9oSFhGHQLBkev/a54pD7qI5","previousCounter":0,"rootKey":"uahELw7JujCVhYF5aRFX2UzUXzvWnEo6ihNTvnFTePk="},"indexInfo":{"baseKey":"BQ0aXbFSmjohqE7fDXkuQ9QA37A+D1WA6f4rezZhJVVK","baseKeyType":2,"closed":1760432914070,"used":1760428023206,"created":1760428023206,"remoteIdentityKey":"BaidY3ISD800E3ifCBzzV1Ths3F08yoJSLj6Ex1ndx9T"},"_chains":{"BW5xVriUHQSb9SkkZNW/x9oSFhGHQLBkev/a54pD7qI5":{"chainKey":{"counter":1,"key":"jfk10X5IAAmZkleRYes9Asv45wi4nYA31moOWRgrUA8="},"chainType":2,"messageKeys":{}},"BUEm9PA8F9K66YGvqrZMazTJekhgTynIe+/QN21ZwWdu":{"chainKey":{"counter":0,"key":"2nanUgLowaI8i3oLxMVHyR3hMGjBxwnaZMq4KFRwDCE="},"chainType":1,"messageKeys":{}}}},"BfzKR7eT4Te7ie9PEc6LKAorC1gtIO8fw8VW5k13w/QG":{"registrationId":808053668,"currentRatchet":{"ephemeralKeyPair":{"pubKey":"BX1Utt25HWqIV5ldHkXAHbDHAFRDLnKc/QVln/2xUGVZ","privKey":"sG43GG8R726mzKYQepVz/Z3Lx25ntpXJA/CY8baAUX0="},"lastRemoteEphemeralKey":"BQPc7KmIulb8rwkOb1ntBSeCdq2PnR06ZEiSyup1ST4t","previousCounter":0,"rootKey":"MYR0Wq1tERObvXI5IKas5A105rpH6ZXTENBB6dFPjRk="},"indexInfo":{"baseKey":"BfzKR7eT4Te7ie9PEc6LKAorC1gtIO8fw8VW5k13w/QG","baseKeyType":2,"closed":1760439212732,"used":1760439143228,"created":1760432914082,"remoteIdentityKey":"BaidY3ISD800E3ifCBzzV1Ths3F08yoJSLj6Ex1ndx9T"},"_chains":{"BRSDeTEi9yKDlxcSbAV4wmG1Levk5xAYZtoer8KYuYZ5":{"chainKey":{"counter":3},"chainType":2,"messageKeys":{}},"BQPc7KmIulb8rwkOb1ntBSeCdq2PnR06ZEiSyup1ST4t":{"chainKey":{"counter":0,"key":"HIIrvvOXE4yRrcrJyqjdTUG7cFFWdMT+I/pCxmdvJr4="},"chainType":2,"messageKeys":{}},"BX1Utt25HWqIV5ldHkXAHbDHAFRDLnKc/QVln/2xUGVZ":{"chainKey":{"counter":-1,"key":"ZCQW4+SSd9JXWRmTES/ZgdTBiJkEFBFxfQyLuLlTBc4="},"chainType":1,"messageKeys":{}}}},"BXrFaPkEs86RjPrny8a79TnTwRi1FNX8wC/ghlES9nQ1":{"registrationId":808053668,"currentRatchet":{"ephemeralKeyPair":{"pubKey":"BUHkIDaO3MxqGnpUiEGQFGMP7Cvl9Vmnfh6LUJ3m/kNz","privKey":"WBoMK9aCVuS4b/yWvAHkwhGutR0onVoKn92rm8r732A="},"lastRemoteEphemeralKey":"BQLINDWc39S8LPStDw1G9sCrR1f+cxgCNkUucMIrp4tG","previousCounter":0,"rootKey":"O58AY7i3Znazj2m68QROaLpaun82fV09yee1EnMtCkY="},"indexInfo":{"baseKey":"BXrFaPkEs86RjPrny8a79TnTwRi1FNX8wC/ghlES9nQ1","baseKeyType":2,"closed":-1,"used":1760439212811,"created":1760439212811,"remoteIdentityKey":"BaidY3ISD800E3ifCBzzV1Ths3F08yoJSLj6Ex1ndx9T"},"_chains":{"BQLINDWc39S8LPStDw1G9sCrR1f+cxgCNkUucMIrp4tG":{"chainKey":{"counter":1,"key":"KLn1upbOO0MNhIzqd9pQzvFSH1No3xDuUtllkl2WKOs="},"chainType":2,"messageKeys":{}},"BUHkIDaO3MxqGnpUiEGQFGMP7Cvl9Vmnfh6LUJ3m/kNz":{"chainKey":{"counter":-1,"key":"/LczAGn90NGMmNwae1/I7Xtx4wkwYec8FRBDVNOU4hM="},"chainType":1,"messageKeys":{}}}}},"version":"v1"}