{"_sessions":{"BUNyK99IitslekoGKbCTq3JTGpbYlGuswhrnPPjXKVU4":{"registrationId":191672102,"currentRatchet":{"ephemeralKeyPair":{"pubKey":"Bb/3RMTrKtkZAYWMHuJJvqZsAgdV5UAzPwpiUl6yNyla","privKey":"4BWJGIoFsqifYcQamvl+dsBx9GqYANktYGFo2sIRZE4="},"lastRemoteEphemeralKey":"BU22TVChGrMin9uM6PbGc/FUsWz/vWVkgV+MB+5jjAJT","previousCounter":0,"rootKey":"lWy/otyI5nd3WoOZS23SfUperLo7cETI4fUOsi5Lh34="},"indexInfo":{"baseKey":"BUNyK99IitslekoGKbCTq3JTGpbYlGuswhrnPPjXKVU4","baseKeyType":1,"closed":-1,"used":1760424429930,"created":1760396846428,"remoteIdentityKey":"BUz7/VAPOiV47Pdgrd3mlM/mSGTY6pGndxdPojqLyRoN"},"_chains":{"BU22TVChGrMin9uM6PbGc/FUsWz/vWVkgV+MB+5jjAJT":{"chainKey":{"counter":2,"key":"dHDk4ikQW2Ro+K1bCrseRjnexY7PD9i8i02lkZsDq9I="},"chainType":2,"messageKeys":{}},"Bb/3RMTrKtkZAYWMHuJJvqZsAgdV5UAzPwpiUl6yNyla":{"chainKey":{"counter":-1,"key":"pyJxYVAqXOX3BxWc+zN6VlNQ+jB6/YA1k1Ryl6r0hKs="},"chainType":1,"messageKeys":{}}}}},"version":"v1"}