{"_sessions":{"BS1c8zyOMgVpC80rKjxIseRVi+KudnIZhoPwpX1uXEVz":{"registrationId":1762243198,"currentRatchet":{"ephemeralKeyPair":{"pubKey":"BXlpLnmP9a1A1bX6/LouEOT5NOWBiBzlLEfEpAGJ0Qws","privKey":"SIarfc4UlzXx2tHBSrnmPZ/NCMXXkmvfWoJ0Rhr0blk="},"lastRemoteEphemeralKey":"BTgcqSZ5WBgmXHkVqw5++RmE1hJ8YeH3WP/IZtDSyH4J","previousCounter":0,"rootKey":"vw4HyH3+u0vazm4M9No9DIxM5YUuGBKzWOcIVHqmc1k="},"indexInfo":{"baseKey":"BS1c8zyOMgVpC80rKjxIseRVi+KudnIZhoPwpX1uXEVz","baseKeyType":1,"closed":-1,"used":1760429001689,"created":1760429001689,"remoteIdentityKey":"Bc9CPsjYtroCRQm4Cwyl0wyUkEsRdIpxLrjGnnF4bRtl"},"_chains":{"BXlpLnmP9a1A1bX6/LouEOT5NOWBiBzlLEfEpAGJ0Qws":{"chainKey":{"counter":1,"key":"DDOSuLxOYFZRDn0RhfRebj4OJJFS7ld8Ov3YwTbK/lc="},"chainType":1,"messageKeys":{}}},"pendingPreKey":{"signedKeyId":15099335,"baseKey":"BS1c8zyOMgVpC80rKjxIseRVi+KudnIZhoPwpX1uXEVz","preKeyId":21698}}},"version":"v1"}