{"_sessions":{"BWQKQeM7DriSWd1zuG7+QZrxh/Yze6D9yoiCZdlxgaJ1":{"registrationId":789691453,"currentRatchet":{"ephemeralKeyPair":{"pubKey":"BWJmCbn3mzR6A8py8Fcblbe4KqR8elozYPwMtX/OBGJk","privKey":"KJbA5V6Rjwu01fGqwvxMsgjbjatJs/CAcdoxW+Dwk3M="},"lastRemoteEphemeralKey":"BcMTix9mceLx5gTyiAJXVjapZXL6BPVMD2AR99QYji1z","previousCounter":0,"rootKey":"gSxOQAZCfxslTbjKp4WwUEl0xAkRwF8qGU5htfjsw3g="},"indexInfo":{"baseKey":"BWQKQeM7DriSWd1zuG7+QZrxh/Yze6D9yoiCZdlxgaJ1","baseKeyType":2,"closed":-1,"used":1760426097411,"created":1760426097411,"remoteIdentityKey":"BbRq6pakrOg1xJYaiMjinN5fw0dliKNXP2RHFqPYsZ00"},"_chains":{"BcMTix9mceLx5gTyiAJXVjapZXL6BPVMD2AR99QYji1z":{"chainKey":{"counter":1,"key":"J0QtPgT1zcui+vAzlNpndwdUoRQBQhL68OVXov0SCDM="},"chainType":2,"messageKeys":{}},"BWJmCbn3mzR6A8py8Fcblbe4KqR8elozYPwMtX/OBGJk":{"chainKey":{"counter":-1,"key":"E5gWw1SxII0q0RgeVXAuiCL+qX2H9gyxg+BsgXldyq0="},"chainType":1,"messageKeys":{}}}}},"version":"v1"}