{"_sessions":{"BTGiNtybbxS1B20rEYmvFChiIMvqIw1G2RTJoYESaUUW":{"registrationId":1234927651,"currentRatchet":{"ephemeralKeyPair":{"pubKey":"BXwkgQUuAJRd4c+gDO5Fp26ZfLBdE8WOx3Mf6wE6Kmth","privKey":"MIzH9zy+qk2jJspNU9MdRr6ZG/phvQyNqN4C/dGfLFQ="},"lastRemoteEphemeralKey":"BSm0fhzMM2Zc6Inkd1RR+6c5nEhZXKww0318iPIfJHdn","previousCounter":0,"rootKey":"CIqwA9QtFEpC6yhgYTfSBZyGgqm1SLHHwxlQR+m8+o4="},"indexInfo":{"baseKey":"BTGiNtybbxS1B20rEYmvFChiIMvqIw1G2RTJoYESaUUW","baseKeyType":1,"closed":-1,"used":1760429002021,"created":1760429002021,"remoteIdentityKey":"Bf+8h+m7/pe57yVaWhxEN63ZNDy8LWVsdeIqwmLeOKcz"},"_chains":{"BXwkgQUuAJRd4c+gDO5Fp26ZfLBdE8WOx3Mf6wE6Kmth":{"chainKey":{"counter":1,"key":"zfnesYti5SYpTyUsGZekytCHsvDOTIIIYbCZtjCTGTI="},"chainType":1,"messageKeys":{}}},"pendingPreKey":{"signedKeyId":0,"baseKey":"BTGiNtybbxS1B20rEYmvFChiIMvqIw1G2RTJoYESaUUW","preKeyId":8135417}}},"version":"v1"}