{"_sessions":{"BWQpZizGz6PWiU87uJszXOuacuYdursRL5s95O/PWFBt":{"registrationId":308561789,"currentRatchet":{"ephemeralKeyPair":{"pubKey":"BS7KV0NcdJ4B0yp7+EcGnwuBjGq+AEaXbsrHOAEldL8c","privKey":"AGpohOTt+4nUQtkrcPrQI/pCf0GKPqDjxg4nVqBFm3E="},"lastRemoteEphemeralKey":"BadwhuLSxfm1kZxuoapdjWK0LEbkq4CghCO4ppp+aCR0","previousCounter":0,"rootKey":"bRLYvhpxKTPib4RnNFUvSFQlD+KhqATn54URWhcjylo="},"indexInfo":{"baseKey":"BWQpZizGz6PWiU87uJszXOuacuYdursRL5s95O/PWFBt","baseKeyType":1,"closed":-1,"used":1760429001834,"created":1760429001834,"remoteIdentityKey":"BcL6GXHQBVSGlIHNJrvSpP8AELLtNf9vPJM/lN+sihZT"},"_chains":{"BS7KV0NcdJ4B0yp7+EcGnwuBjGq+AEaXbsrHOAEldL8c":{"chainKey":{"counter":1,"key":"kmGUQYZuEbrXrCjqKInbNvicThTnFlLHzs83bFoXAmc="},"chainType":1,"messageKeys":{}}},"pendingPreKey":{"signedKeyId":12249793,"baseKey":"BWQpZizGz6PWiU87uJszXOuacuYdursRL5s95O/PWFBt","preKeyId":2496}}},"version":"v1"}