{"_sessions":{"BcduBLarXr7sX/CMZzw8QMvv8u3BOxsmUA4F2MpaWjMw":{"registrationId":1528806569,"currentRatchet":{"ephemeralKeyPair":{"pubKey":"BYx5i+Lsjpaknr6eiZKWZuPo+nH8jYG8qCM23cdpiqIz","privKey":"KL042xCW2f3Ewxk+0mbgWfRr4k5GHmjaUUVCOgjvCV8="},"lastRemoteEphemeralKey":"BQTU0u1C7tQKxryHZ3mCZ6xi7Gy13klF3rpdtQMn0akL","previousCounter":0,"rootKey":"XrBtT8o8eU0AlxbdZRtYy/n8QeFGYuShjIOJ3VNEd74="},"indexInfo":{"baseKey":"BcduBLarXr7sX/CMZzw8QMvv8u3BOxsmUA4F2MpaWjMw","baseKeyType":1,"closed":-1,"used":1760429000021,"created":1760429000021,"remoteIdentityKey":"BRHDxWUX/U6Sw9DmmSFpFCeAKTxgNMMb7fsx2cUHSxYi"},"_chains":{"BYx5i+Lsjpaknr6eiZKWZuPo+nH8jYG8qCM23cdpiqIz":{"chainKey":{"counter":1,"key":"e22RNQSHq8iKWn/4eOHKjQGGrfYyWMNzkbEPNXDGNbk="},"chainType":1,"messageKeys":{}}},"pendingPreKey":{"signedKeyId":8,"baseKey":"BcduBLarXr7sX/CMZzw8QMvv8u3BOxsmUA4F2MpaWjMw","preKeyId":7376893}}},"version":"v1"}