{"_sessions":{"BavEck65bxM+lyFvQoOQeTk2sbdfDBch5e3gTxkpcssd":{"registrationId":1568785181,"currentRatchet":{"ephemeralKeyPair":{"pubKey":"BQ1fcYqSoHWDwIQfTKU2B4jMglEaoCo7H2t1x7C6BhoZ","privKey":"AM4F2wrq9eYThAIQnJ3sLjQ8tga2iBsa6LZrijtI6Vk="},"lastRemoteEphemeralKey":"BeTQxcx8Am8vTunqk3lMowpc5j8Lgx1Vdng4XPobSbNk","previousCounter":0,"rootKey":"gqOMYBoPPzzlXmsm4lIy96ps47EkrvLdMVzFqBqwVw8="},"indexInfo":{"baseKey":"BavEck65bxM+lyFvQoOQeTk2sbdfDBch5e3gTxkpcssd","baseKeyType":1,"closed":-1,"used":1760429000314,"created":1760429000314,"remoteIdentityKey":"Bby2wKXLvuWtjqhZ0wgWL3R5UKTpV8oFlPkyD795gp4h"},"_chains":{"BQ1fcYqSoHWDwIQfTKU2B4jMglEaoCo7H2t1x7C6BhoZ":{"chainKey":{"counter":1,"key":"KwlkO4kZkz5HY2CrS26OZJrmglA1cd/DL16WATQAsRA="},"chainType":1,"messageKeys":{}}},"pendingPreKey":{"signedKeyId":10,"baseKey":"BavEck65bxM+lyFvQoOQeTk2sbdfDBch5e3gTxkpcssd","preKeyId":13599593}}},"version":"v1"}