{"_sessions":{"Bbv+QhnG9YHDiSjgBnsVxZlZrgUbJntT1TrAI6cabLMs":{"registrationId":930875154,"currentRatchet":{"ephemeralKeyPair":{"pubKey":"BVyLvLDT6e+e5mCwe3yvhmILucTctMeTwM2bN6mlZBtG","privKey":"WEpRw5CJ/3c2sCrrIGQGXAgkpdZasfZnrole4kVdjkA="},"lastRemoteEphemeralKey":"BVlqSrRMbCeJ03P5NeahzPDXqyzKTQuz6pIVIN+HavpN","previousCounter":0,"rootKey":"P6IH18AEc/OuZn8V3YYbjSdUwYQIr/BQSTrlGX9VP8E="},"indexInfo":{"baseKey":"Bbv+QhnG9YHDiSjgBnsVxZlZrgUbJntT1TrAI6cabLMs","baseKeyType":1,"closed":-1,"used":1760429001048,"created":1760429001048,"remoteIdentityKey":"BUA7bx543rUssMrCUoJgIvZ+Sri/QcfDJwrgJqcU33o1"},"_chains":{"BVyLvLDT6e+e5mCwe3yvhmILucTctMeTwM2bN6mlZBtG":{"chainKey":{"counter":1,"key":"CDWZmWNNucu0olqZy80EOrXEHDs1+ZPNfyYENk9qyvQ="},"chainType":1,"messageKeys":{}}},"pendingPreKey":{"signedKeyId":0,"baseKey":"Bbv+QhnG9YHDiSjgBnsVxZlZrgUbJntT1TrAI6cabLMs","preKeyId":7890487}}},"version":"v1"}