{"_sessions":{"BaiPipJC1/JkY5HH/NIxoyMWfHN81VltRTaGBQ28/kY7":{"registrationId":1007336635,"currentRatchet":{"ephemeralKeyPair":{"pubKey":"BZA997cXo20JGrQIgWIBuGuMRbopw/ll6/ups5WY/p5E","privKey":"WAFLE3OLEdxFWWy7EWiABA/ofOvTpy6pbDhnkzUQc1s="},"lastRemoteEphemeralKey":"BXF3kQZwO+JzOTX7bo4V2KVqCuGzvBcNz5jra7/GsHo7","previousCounter":0,"rootKey":"gUNK3K2mHcW7hW12ilYJOwgSNu5xxsYhVwa7bXKnTec="},"indexInfo":{"baseKey":"BaiPipJC1/JkY5HH/NIxoyMWfHN81VltRTaGBQ28/kY7","baseKeyType":1,"closed":-1,"used":1760429002352,"created":1760429002352,"remoteIdentityKey":"BRNQrj0fN2DQqtctDPP89hwqfWm4EmAwmB0PyPm38m5v"},"_chains":{"BZA997cXo20JGrQIgWIBuGuMRbopw/ll6/ups5WY/p5E":{"chainKey":{"counter":1,"key":"X5vbV4Lz3VD++jkInG1HSTqc6BjjwJ0gCSB5VW11iRw="},"chainType":1,"messageKeys":{}}},"pendingPreKey":{"signedKeyId":1,"baseKey":"BaiPipJC1/JkY5HH/NIxoyMWfHN81VltRTaGBQ28/kY7"}}},"version":"v1"}