{"_sessions":{"BTb7p2RF+1XUftJJSpp2ydzfUtyscqgNWaGIosqDGS1S":{"registrationId":213226585,"currentRatchet":{"ephemeralKeyPair":{"pubKey":"BZ/jrY+owX61Xeod5RddkHFEv+Esl4XbR4cGaTDHKzNp","privKey":"sIRaA6qmsKvrXplvnqwWWf2rETBu+XR/PgBgSqz5Zko="},"lastRemoteEphemeralKey":"BeZ0VAvvENBlbt+K5R33kLXHKcmJTIVK3dWnh02Vx/0U","previousCounter":0,"rootKey":"IUsPR07/7QkxBM3aN1LQ26eX4qhhAjD/wH+Mu3ZvZRQ="},"indexInfo":{"baseKey":"BTb7p2RF+1XUftJJSpp2ydzfUtyscqgNWaGIosqDGS1S","baseKeyType":1,"closed":-1,"used":1760431299489,"created":1760429000508,"remoteIdentityKey":"Ba6+2Nl6lIpIFUQ2+2Ac8iOrUdd+jHXaLxbduCrEhNBn"},"_chains":{"BeZ0VAvvENBlbt+K5R33kLXHKcmJTIVK3dWnh02Vx/0U":{"chainKey":{"counter":0,"key":"TpQLLilzlCoIxzLak/WOegKgCy4iegptkf6Msp7ooQk="},"chainType":2,"messageKeys":{}},"BZ/jrY+owX61Xeod5RddkHFEv+Esl4XbR4cGaTDHKzNp":{"chainKey":{"counter":0,"key":"SwAS4ph3QfjM9/z/UjRHjL64KOk4eMyoyvVQ2iRge7s="},"chainType":1,"messageKeys":{}}}}},"version":"v1"}