{"_sessions":{"BUwnY5P/ooKoUz9I/s+l/RcexjbIR8J4FmloAdmZJeU/":{"registrationId":190352750,"currentRatchet":{"ephemeralKeyPair":{"pubKey":"BXH2+nNraWeIvS/64e/sFlsreZAQJfgGMbC5TIGtv3wB","privKey":"cALnkY2uDA3DFCfcFGSCC0VtQnQyGNhCZeim+4TMNFg="},"lastRemoteEphemeralKey":"Beb1HhUKbqkmmOHrCXN/PGnZ2bVM7OzuHqMQxz3QVqRs","previousCounter":0,"rootKey":"eJkXkx2K55WqhO8bewOUhZf2NMXGuZhT1fLDk/LE+Ek="},"indexInfo":{"baseKey":"BUwnY5P/ooKoUz9I/s+l/RcexjbIR8J4FmloAdmZJeU/","baseKeyType":1,"closed":-1,"used":1760429002310,"created":1760429002310,"remoteIdentityKey":"BZ6dNt7s9ObXjpzSW1l6iTq04+Uv+a3gJkBRNAJOwvpw"},"_chains":{"BXH2+nNraWeIvS/64e/sFlsreZAQJfgGMbC5TIGtv3wB":{"chainKey":{"counter":1,"key":"UQ8R8h5Z70I5EBtn5XGCoBl6MMCPThpzfArgovDdxTg="},"chainType":1,"messageKeys":{}}},"pendingPreKey":{"signedKeyId":7,"baseKey":"BUwnY5P/ooKoUz9I/s+l/RcexjbIR8J4FmloAdmZJeU/","preKeyId":4526083}}},"version":"v1"}