{"_sessions":{"Bb4HSMvL8CtOp2VxhXgQmGfs1HVkrj8+k3dB6TWkEKIM":{"registrationId":1493602171,"currentRatchet":{"ephemeralKeyPair":{"pubKey":"BQ2EiXtT0cPQVThNtecAYzULLE0MOBRr0rhv/J5cYs5S","privKey":"QF/UfnmVlpw6ZkZjsFFbR1neU+98co7yvIVlai5/Tms="},"lastRemoteEphemeralKey":"BeZX4jwKspgHL5/dq836YZdiDVfVaYHBPpehkEqGkVAY","previousCounter":0,"rootKey":"tvgrr6cEwi+6CIZ+lDQACvApUxJtjWIGbpAvNxybl/U="},"indexInfo":{"baseKey":"Bb4HSMvL8CtOp2VxhXgQmGfs1HVkrj8+k3dB6TWkEKIM","baseKeyType":1,"closed":-1,"used":1760429000906,"created":1760429000906,"remoteIdentityKey":"BTiCyqEFJZtOfRWnd8BZvj3A+8b6HOdKlLaWpXMsujET"},"_chains":{"BQ2EiXtT0cPQVThNtecAYzULLE0MOBRr0rhv/J5cYs5S":{"chainKey":{"counter":1,"key":"le4zE4Jqc70MUYuacii5NwIsjgDCTtNrcuPfdxu2Bys="},"chainType":1,"messageKeys":{}}},"pendingPreKey":{"signedKeyId":6,"baseKey":"Bb4HSMvL8CtOp2VxhXgQmGfs1HVkrj8+k3dB6TWkEKIM","preKeyId":16256949}}},"version":"v1"}