{"_sessions":{"BZF+WSd0KrmYk2ibREVUtYjy9nrjw9Z58edZPyucSJ1z":{"registrationId":1221684814,"currentRatchet":{"ephemeralKeyPair":{"pubKey":"BSrxt8A7IBpzqR6Z3vJGXTmPQgQQU3JOpq0lqIgekjJn","privKey":"kPq6U2tg0ePQH7v2TvSequxSrcMYQ6Db3faJxLXJrHA="},"lastRemoteEphemeralKey":"BYKbFydhwa4d7NlzCAxqWHGSZ4PtBSiwyfDPzU9l2PJb","previousCounter":0,"rootKey":"zUxM1pnt0IQsmYC+cnAouSytmxvuLZydfG4YMIsAhwM="},"indexInfo":{"baseKey":"BZF+WSd0KrmYk2ibREVUtYjy9nrjw9Z58edZPyucSJ1z","baseKeyType":1,"closed":-1,"used":1760424492161,"created":1760424492161,"remoteIdentityKey":"BbNfXl8uPHii6OZ6cU6gTmB0v/q/izqg44MZ37MVzukW"},"_chains":{"BSrxt8A7IBpzqR6Z3vJGXTmPQgQQU3JOpq0lqIgekjJn":{"chainKey":{"counter":0,"key":"wYLppvK9B+BD9z22utpy8PFuhPNTgxrhK37Bmq6iEd8="},"chainType":1,"messageKeys":{}}},"pendingPreKey":{"signedKeyId":2,"baseKey":"BZF+WSd0KrmYk2ibREVUtYjy9nrjw9Z58edZPyucSJ1z","preKeyId":2197503}}},"version":"v1"}