{"_sessions":{"BSXmJIfkIp17x2ebH4sJ9HqrqQ1/uPGIyQ8z8blXdkVr":{"registrationId":1262458768,"currentRatchet":{"ephemeralKeyPair":{"pubKey":"BUYJNoZJ1LNwESe/46hQOb7DbDIyVsXlBp4npq0bn4lh","privKey":"KCjIhxL2yJH7EaVvI6g6x7h7f/C5sx5NZAoZcOvyaHA="},"lastRemoteEphemeralKey":"BSlZxJin0tYzDjvRfOANfDy5wPPSvV+YJpCa/KbXxAUf","previousCounter":0,"rootKey":"tYob/GQrYr7Op70aVT8TMyjk6amziIsJU5oiHctnDHw="},"indexInfo":{"baseKey":"BSXmJIfkIp17x2ebH4sJ9HqrqQ1/uPGIyQ8z8blXdkVr","baseKeyType":1,"closed":-1,"used":1760429002294,"created":1760429002293,"remoteIdentityKey":"Bagl/WRFO2oC3jWj8VpBFKd5w0SJPTllefe7j8L/DsUP"},"_chains":{"BUYJNoZJ1LNwESe/46hQOb7DbDIyVsXlBp4npq0bn4lh":{"chainKey":{"counter":1,"key":"7IPG2fN5r/xs/Mga2GMjJByxWKWArN3gtvhFANnLCJE="},"chainType":1,"messageKeys":{}}},"pendingPreKey":{"signedKeyId":7250315,"baseKey":"BSXmJIfkIp17x2ebH4sJ9HqrqQ1/uPGIyQ8z8blXdkVr","preKeyId":12615590}}},"version":"v1"}