{"_sessions":{"Ba1BPgOK0UrPVGg6oGRG2oxn3CNwgPNEGI5ObDGJcV16":{"registrationId":302174076,"currentRatchet":{"ephemeralKeyPair":{"pubKey":"BfW/eAshI9pocBmYM5rLDf72VSn68AAVkILxrdvF8es5","privKey":"EFfouq/Zr8qtO5WhWasoS/eIp8vJB8PAdiZY1//ZtUA="},"lastRemoteEphemeralKey":"BXs9hIHwPae51hiRORcLOsLnwgdQXz1lcDETjMvjwyh0","previousCounter":0,"rootKey":"l4AAWgy3/rGpbJ6gw21ZBM58krA7FfvsJag5IyHMFkg="},"indexInfo":{"baseKey":"Ba1BPgOK0UrPVGg6oGRG2oxn3CNwgPNEGI5ObDGJcV16","baseKeyType":1,"closed":-1,"used":1760429002060,"created":1760429002060,"remoteIdentityKey":"BSzqYAGeJmvsq6tVQv9fAKF8QEQDtR7+YS2Q6o61D2hI"},"_chains":{"BfW/eAshI9pocBmYM5rLDf72VSn68AAVkILxrdvF8es5":{"chainKey":{"counter":1,"key":"Wv6ubuzOC8CFV3NRKpHv5pYUjt5ZNCVwbVZo7F2mNpw="},"chainType":1,"messageKeys":{}}},"pendingPreKey":{"signedKeyId":0,"baseKey":"Ba1BPgOK0UrPVGg6oGRG2oxn3CNwgPNEGI5ObDGJcV16","preKeyId":6895608}}},"version":"v1"}