{"_sessions":{"BX0XKXItd2Ihg5pr8fWdO2+FMKH1A7Ai2gdPeGVpFr4E":{"registrationId":1606833637,"currentRatchet":{"ephemeralKeyPair":{"pubKey":"BU4Qtewj1cqklS/b2Rd+8cIey0ZvSFfNgLQ8W7+XXz1f","privKey":"IE8Q2i9JLlQc1IC3vXD87Bq6+9l0IaZJk05VLJgw/XI="},"lastRemoteEphemeralKey":"BdIi0NxqIuj9ms4J6lggrrGM70jEJowaWTytdIY4b5Uo","previousCounter":0,"rootKey":"RsBMiV5U/ZQgJX3ZGiHKypF01wtVuSy/u5aoGWRDPC8="},"indexInfo":{"baseKey":"BX0XKXItd2Ihg5pr8fWdO2+FMKH1A7Ai2gdPeGVpFr4E","baseKeyType":1,"closed":1760430338635,"used":1760429001570,"created":1760429001570,"remoteIdentityKey":"BT+zO5zppS1N5XkcdF17lNLFDcF0t7XMzykjDZI7eVRl"},"_chains":{"BU4Qtewj1cqklS/b2Rd+8cIey0ZvSFfNgLQ8W7+XXz1f":{"chainKey":{"counter":0,"key":"D/wdYuySbZkHE44gioxuwLRCPAwJQK81oDRX5ENc9G0="},"chainType":1,"messageKeys":{}}},"pendingPreKey":{"signedKeyId":0,"baseKey":"BX0XKXItd2Ihg5pr8fWdO2+FMKH1A7Ai2gdPeGVpFr4E"}},"BVsPLvYEZ4gXzaMP8QkoAhzjmdUt0qjQXB+6+ohyVfoe":{"registrationId":1243498870,"currentRatchet":{"ephemeralKeyPair":{"pubKey":"BV/+sjUfNik8SSSlDW72CcbfHAZFbiugQ9xcwXdzpYgO","privKey":"MNnoIVLKepTVhlvX8nIskzgWICoPXJx2jXnfffxKGWw="},"lastRemoteEphemeralKey":"BVNbNGY4BlQxnvldFDA5kcNaxPKhhfTlEwL4lbHPLe15","previousCounter":0,"rootKey":"maBHrXdhe8a8ix71vCpIkudxf2R8TADoFd8HkbPYAi8="},"indexInfo":{"baseKey":"BVsPLvYEZ4gXzaMP8QkoAhzjmdUt0qjQXB+6+ohyVfoe","baseKeyType":1,"closed":1760430339055,"used":1760430338420,"created":1760430338420,"remoteIdentityKey":"BbfCqMP8KvKmeJHFsuXDyWNWPHt/V499zesiP+Fj3B8X"},"_chains":{"BV/+sjUfNik8SSSlDW72CcbfHAZFbiugQ9xcwXdzpYgO":{"chainKey":{"counter":-1,"key":"/B1Y5VH43OZkqSqIWApl+F6c6+dKoVTkt7+oqDnkku0="},"chainType":1,"messageKeys":{}}},"pendingPreKey":{"signedKeyId":0,"baseKey":"BVsPLvYEZ4gXzaMP8QkoAhzjmdUt0qjQXB+6+ohyVfoe","preKeyId":7198885}},"BeOxZ/5Hniox48cNOdmgHsBSjhNRiz0yksemHLLp7JwO":{"registrationId":1243498870,"currentRatchet":{"ephemeralKeyPair":{"pubKey":"BTfGsAWroN/icF2qJ4mSkc+9Rk9J84X4xjhuh2flO5p+","privKey":"YGzdIMVGmOSoex2CbdFSuh985+lrO0iDC3fbDtt8kGM="},"lastRemoteEphemeralKey":"BVNbNGY4BlQxnvldFDA5kcNaxPKhhfTlEwL4lbHPLe15","previousCounter":0,"rootKey":"Z7E7J3lnXJytplr/u3JLet+VJWDUFSSNz3rr4HYtYgU="},"indexInfo":{"baseKey":"BeOxZ/5Hniox48cNOdmgHsBSjhNRiz0yksemHLLp7JwO","baseKeyType":1,"closed":1760430339474,"used":1760430339041,"created":1760430339041,"remoteIdentityKey":"BbfCqMP8KvKmeJHFsuXDyWNWPHt/V499zesiP+Fj3B8X"},"_chains":{"BTfGsAWroN/icF2qJ4mSkc+9Rk9J84X4xjhuh2flO5p+":{"chainKey":{"counter":-1,"key":"qw/7WMbsbjVePGjbHH6ZULKuKnKNJrSse27UvLIxu3Q="},"chainType":1,"messageKeys":{}}},"pendingPreKey":{"signedKeyId":0,"baseKey":"BeOxZ/5Hniox48cNOdmgHsBSjhNRiz0yksemHLLp7JwO","preKeyId":7199060}},"BXPAC4+OYrcl9BKdzn1NxDQiIKAgq8bL2IWxZane1yUN":{"registrationId":1243498870,"currentRatchet":{"ephemeralKeyPair":{"pubKey":"Bb0l8f15BmxgB3lvu5mD74KRo0GIaHihgZBCicw6dGpr","privKey":"qGN3NBVpMmfAVJ3HV0If56ybgoOCQtLKuE838uIs/2A="},"lastRemoteEphemeralKey":"BVNbNGY4BlQxnvldFDA5kcNaxPKhhfTlEwL4lbHPLe15","previousCounter":0,"rootKey":"l2EjrAs+JzR0Folf9eJyi1cLhvREpYp2RWifV3wXB5A="},"indexInfo":{"baseKey":"BXPAC4+OYrcl9BKdzn1NxDQiIKAgq8bL2IWxZane1yUN","baseKeyType":1,"closed":1760430339892,"used":1760430339464,"created":1760430339464,"remoteIdentityKey":"BbfCqMP8KvKmeJHFsuXDyWNWPHt/V499zesiP+Fj3B8X"},"_chains":{"Bb0l8f15BmxgB3lvu5mD74KRo0GIaHihgZBCicw6dGpr":{"chainKey":{"counter":-1,"key":"zrrvB+OpEsYDlXMhrqm5RzmjPxMQdnOlV8zxUDLCozM="},"chainType":1,"messageKeys":{}}},"pendingPreKey":{"signedKeyId":0,"baseKey":"BXPAC4+OYrcl9BKdzn1NxDQiIKAgq8bL2IWxZane1yUN","preKeyId":7198844}},"BfxtCBEuJItO7ifJ7NXlUQcC/jRmHBt/FYyEzWx28VNO":{"registrationId":1243498870,"currentRatchet":{"ephemeralKeyPair":{"pubKey":"BQjUHnMdVO9oFr5qSINN3eakBxoWsKvuVZlnhUw55tEg","privKey":"ODQYJVrAO851PK6xeocYjPHoJzjT4rr7nSHeAYqXPGo="},"lastRemoteEphemeralKey":"BVNbNGY4BlQxnvldFDA5kcNaxPKhhfTlEwL4lbHPLe15","previousCounter":0,"rootKey":"hb2QRPrdtuaewTqg9x/xGa+WUzJk9mvZJynB6bP6AcQ="},"indexInfo":{"baseKey":"BfxtCBEuJItO7ifJ7NXlUQcC/jRmHBt/FYyEzWx28VNO","baseKeyType":1,"closed":-1,"used":1760430339886,"created":1760430339886,"remoteIdentityKey":"BbfCqMP8KvKmeJHFsuXDyWNWPHt/V499zesiP+Fj3B8X"},"_chains":{"BQjUHnMdVO9oFr5qSINN3eakBxoWsKvuVZlnhUw55tEg":{"chainKey":{"counter":0,"key":"9M5DBrug4F7AdnRn8qCpqAzddVFGxWZwsshc2BaY1Ww="},"chainType":1,"messageKeys":{}}},"pendingPreKey":{"signedKeyId":0,"baseKey":"BfxtCBEuJItO7ifJ7NXlUQcC/jRmHBt/FYyEzWx28VNO","preKeyId":7198926}}},"version":"v1"}