{"_sessions":{"BUd2CjzaDe8buHe6l9AjEhQI6fovI1waavumv9jd7B47":{"registrationId":1818489588,"currentRatchet":{"ephemeralKeyPair":{"pubKey":"BZIijTkHSxzg8XXT+UpBik3yZAaMsgAAR5HMLlPRSrd9","privKey":"qOz3uDbh1vAvBWFng0vAH59y9yYM7mx/4MlGOMu1S38="},"lastRemoteEphemeralKey":"BUJDSDhGO0fFENr07RB36+bWr3MO6PF3nHO36Bth0Ydk","previousCounter":0,"rootKey":"CdlQ5yyqFAY3KlSHO1qud5HGj0VD/HH1Ou5tkkp64yk="},"indexInfo":{"baseKey":"BUd2CjzaDe8buHe6l9AjEhQI6fovI1waavumv9jd7B47","baseKeyType":1,"closed":-1,"used":1760429001807,"created":1760429001807,"remoteIdentityKey":"BWikzEJ2FdPBbUJ/LWs4snBeM59aQhJPqKkEYj1XRZk/"},"_chains":{"BZIijTkHSxzg8XXT+UpBik3yZAaMsgAAR5HMLlPRSrd9":{"chainKey":{"counter":1,"key":"Cduz4WGjOR87dOoyZ/ZSqlX5J135xlLBLqZfoCD1lz0="},"chainType":1,"messageKeys":{}}},"pendingPreKey":{"signedKeyId":1,"baseKey":"BUd2CjzaDe8buHe6l9AjEhQI6fovI1waavumv9jd7B47","preKeyId":7735859}}},"version":"v1"}