{"_sessions":{"BY+G2+TfoFGr1mPJkIaJcc1Id/Tf0tkUg3jBIZAPQ7Ap":{"registrationId":1875996628,"currentRatchet":{"ephemeralKeyPair":{"pubKey":"BYUPpYL//HMocYLkOnIW3pBJHtWQSuKB7c21pN6x9SU8","privKey":"IM8QebYfmGLIB652FScq3TLESLm8bCsbB8T9NJVXGmQ="},"lastRemoteEphemeralKey":"BTnZwvkxp7hP/V2cuS3oXOi0Je/xnqVLHxBsmlpIhFg8","previousCounter":0,"rootKey":"udwsRJANEfptoVQjAPhzilLupQxjUOjDunyI0hZgLVQ="},"indexInfo":{"baseKey":"BY+G2+TfoFGr1mPJkIaJcc1Id/Tf0tkUg3jBIZAPQ7Ap","baseKeyType":1,"closed":-1,"used":1760429000721,"created":1760429000721,"remoteIdentityKey":"BZTaWHmsROOvyfSP+atAX3QcteyISHOJg1BEwVGgXGBT"},"_chains":{"BYUPpYL//HMocYLkOnIW3pBJHtWQSuKB7c21pN6x9SU8":{"chainKey":{"counter":1,"key":"PUIDdDtjJTTpKdj6NIFZOUy+68bsMC1vL0GI/4v9OU4="},"chainType":1,"messageKeys":{}}},"pendingPreKey":{"signedKeyId":4,"baseKey":"BY+G2+TfoFGr1mPJkIaJcc1Id/Tf0tkUg3jBIZAPQ7Ap","preKeyId":10111340}}},"version":"v1"}