{"_sessions":{"BRZ+810ntd4x3KhnhMg+rdHNj8CXjhLwn50q7APFIUt2":{"registrationId":1105888562,"currentRatchet":{"ephemeralKeyPair":{"pubKey":"Bao0xW+ycxl3Cjd63IaQ/+ATxGp9y20HyAat/EhoF2Zp","privKey":"gLGoY8qu1bFOi6brQ4bNJmpT6rg1aJ+/Y++8llLM/V0="},"lastRemoteEphemeralKey":"BS4Y8c+9zMPcm5n1Ni8eFYkdpPw1oFgtVEPceqFtar8F","previousCounter":0,"rootKey":"2oyQIn2LiMbyNNof/raf35Iq26P5sNlhMF26IRSzDvo="},"indexInfo":{"baseKey":"BRZ+810ntd4x3KhnhMg+rdHNj8CXjhLwn50q7APFIUt2","baseKeyType":1,"closed":-1,"used":1760428999976,"created":1760428999976,"remoteIdentityKey":"BRnPEcCLrbaSXlAgSII6UdJUGV6rNBZJ2rLNGG00KzIa"},"_chains":{"Bao0xW+ycxl3Cjd63IaQ/+ATxGp9y20HyAat/EhoF2Zp":{"chainKey":{"counter":1,"key":"cmRtoqVQDmeuaKYOUOoCLLTz14Ro/9obRMWkd/kPjBQ="},"chainType":1,"messageKeys":{}}},"pendingPreKey":{"signedKeyId":10,"baseKey":"BRZ+810ntd4x3KhnhMg+rdHNj8CXjhLwn50q7APFIUt2"}}},"version":"v1"}