{"_sessions":{"BR30oTgle8TnVG2on7A+ic2lvUHn6T6YfSvc42RJgkM7":{"registrationId":808053668,"currentRatchet":{"ephemeralKeyPair":{"pubKey":"BXlBs2vSwJalEqWX+5ehypf8HhM0kGjZ8QUI0RjUaURI","privKey":"kLoSAeb2Mb61fdhmO1H53Ju68FtOcn1xUjN66YYPxVs="},"lastRemoteEphemeralKey":"BZzQcUhpzFeFl5gnURrDLDbh6YbOuNtWyZw0Xjazx6I1","previousCounter":0,"rootKey":"neidN7PUl17qxt1XO8gbRURA/+PRxd8WmswsAxGJKhs="},"indexInfo":{"baseKey":"BR30oTgle8TnVG2on7A+ic2lvUHn6T6YfSvc42RJgkM7","baseKeyType":2,"closed":-1,"used":1760439206415,"created":1760348006401,"remoteIdentityKey":"BaidY3ISD800E3ifCBzzV1Ths3F08yoJSLj6Ex1ndx9T"},"_chains":{"Be8J18HN6LOJOxj/mB9906hS6qrXs6cKm7/FHTBFr3RP":{"chainKey":{"counter":8},"chainType":2,"messageKeys":{}},"BTG/fvVMCizGeqcH7TDbnEtMGzPLBK6efbz0xNR0nZFH":{"chainKey":{"counter":0},"chainType":2,"messageKeys":{}},"BXnyhH9R+NtWnraMAfiNJcYu5BO1Y8y1BjtizS6B3OFT":{"chainKey":{"counter":0},"chainType":2,"messageKeys":{}},"BWpZ48TO14O50GMHxlUYoeh4iEHhQ8l276DjUMFDpK4q":{"chainKey":{"counter":0},"chainType":2,"messageKeys":{}},"BWvgsW4D9EtuiLeg2cKv3ZLdlMXarE5wT/arCKhIGSUn":{"chainKey":{"counter":0},"chainType":2,"messageKeys":{}},"BV48mSYH6lpOQnBcYUqR5oZUreTcbCuKNCLc3YbyGf8r":{"chainKey":{"counter":0},"chainType":2,"messageKeys":{}},"BQhESPLiq9vn5l7BYT6zFBjzUGx6nVbcBArzeaknHL0a":{"chainKey":{"counter":0},"chainType":2,"messageKeys":{}},"BfzCr2RNf2qauXlDaRlSR23g1jk239HsCFx6PuTvr341":{"chainKey":{"counter":0},"chainType":2,"messageKeys":{}},"Bf0woXrUWXt3gcn2CcZlpbFNlYlnXsKpzHfWuYUClcQ7":{"chainKey":{"counter":0},"chainType":2,"messageKeys":{}},"BaOHo4Jyc1GC3TkoGUOMSardl+j4LqZ2COzVxB5BPc5C":{"chainKey":{"counter":5},"chainType":2,"messageKeys":{}},"BQhfT6zB+oAAItdG4FaqbLHNZ/u+bmxciE5+7KaDYKpc":{"chainKey":{"counter":1},"chainType":2,"messageKeys":{}},"BXwYxcZzS2nwnRw1QQvr1AU5ZByR82B7r7cP4ZrmIPMP":{"chainKey":{"counter":1},"chainType":2,"messageKeys":{"1":"lz5kupuW8kvtzGrLOmaUa7CZ/AhPKn3FeBTzaJRJ6FU="}},"BVGnYT6PzXh3uYSh22KE0blY7bTeVGAv/hqjL5h6FYQ3":{"chainKey":{"counter":1},"chainType":2,"messageKeys":{"1":"3zDlsZaaP6wOJCSmg+CBbzbvmUWGNN3nt2lmcStOafE="}},"BcQ3oz+VdLTuUsnAxEpCX182QJe0o8d4vVMcHWrkOek1":{"chainKey":{"counter":1},"chainType":2,"messageKeys":{"1":"ndkhxLt5eI5Kr9dnt+IOYemf2j6lxqb5nA0cr50GseM="}},"BROp6xe4QfDleuFkmfNgW8zj9GLB9Go8bDOUoaV6fS8W":{"chainKey":{"counter":1},"chainType":2,"messageKeys":{"1":"DPBQa2VlJ2ausXhy9+1KDbINo+6i6pTXySsWUW9x0Hk="}},"BbtOVZ0pFbp7Re2OaBlS7FFPes5QbwI0hxqYLExGUzNL":{"chainKey":{"counter":1},"chainType":2,"messageKeys":{}},"BfPPDZjVOLhc5p48EWpBFI6TWL/JdF8GPV7QVbB1zPwF":{"chainKey":{"counter":1},"chainType":2,"messageKeys":{}},"BTOmDSYPnfDGZhg6ZOQXWV9Iyz1QFFA08AExdePpL2Bp":{"chainKey":{"counter":1},"chainType":2,"messageKeys":{}},"Bbbzm5IOLzwrBzfM6X8b1yech5CNH+XVKKhKP2ifPA9D":{"chainKey":{"counter":6},"chainType":2,"messageKeys":{"6":"vi9dqOCEdAEVizHRaSmjyYPbC0zXrYXNG2T94d7NPyE="}},"BXElLHDaGL19OLRL4I59TmsZpEk3BKlZYAR8NILrg+50":{"chainKey":{"counter":1},"chainType":2,"messageKeys":{"1":"E5H9fsTe229Efm3VSQCKdfeoIlDdxdka1IbGbiggM1E="}},"Bcavd2T0d2kH2IcddxJYHCQDj3x3x3VJXN2KtOpzwHQM":{"chainKey":{"counter":1},"chainType":2,"messageKeys":{"1":"2qlYKWNPUJu8EVEEML3KUsQYWwKBigCDA1yrQf5H9F4="}},"Bdi2QcgJaeHHdCjDxiM4hY3eQy90Nibut3G95N5cIV5y":{"chainKey":{"counter":1},"chainType":2,"messageKeys":{"1":"zOFX34Pg2jPsbMnH1W66XhaC8VKoeX8IyQz9oA8f1nU="}},"BTGtxUpIIG5kiJHo5ZBleRVN7zTSXOJfQ1h5ZUjSvvVy":{"chainKey":{"counter":6},"chainType":2,"messageKeys":{"6":"VoiAM/f31aeatu6DnTdCrSa/2qRRrqWs48lxRzwCrMQ="}},"BWOdLEr4L8dctK7ll5zTjYwQBS2RyoiGgRaVNOmDGOgs":{"chainKey":{"counter":1},"chainType":2,"messageKeys":{"1":"vbK6ylKksAYQp9ceW4E7fjRJEvsHJqV5rTaYvKuwUoA="}},"BV9DrJBf5T7OcFOaE836lIqg6WGRInbUwwoPCohAKlUx":{"chainKey":{"counter":1},"chainType":2,"messageKeys":{}},"BYwMKRQ7JpxLfSEJ9QCrkQuIYW62La45onV64wO9AKMS":{"chainKey":{"counter":1},"chainType":2,"messageKeys":{}},"BRMDR+mNiluZLc4Cn0uhuMRm0saX0ql2BSLKRcjynZcb":{"chainKey":{"counter":2},"chainType":2,"messageKeys":{"2":"UL5qQ0+imE5pcj/IEoi8TAwgavy0gh7tIbvsmirZ2X4="}},"BWoqm5iVLs2MmfgZ5UP7USJOSy9jF0z8p0be4afnr547":{"chainKey":{"counter":1},"chainType":2,"messageKeys":{"1":"jPbcBjl4EXBvgonK0I8X9SUavkezfvmwTtHLCXYp0mk="}},"BWeNvbPsjdX6Qn8vRCFVLInGjKdATbcSjYSV12n6ppJv":{"chainKey":{"counter":3},"chainType":2,"messageKeys":{}},"Bf4+kdQc5r065Rs1rIZ7MfUCuwAnczlSR54lEB+PxQBD":{"chainKey":{"counter":2},"chainType":2,"messageKeys":{}},"BW8MicVxwmvjn4H15wEHJ6H7Wb/vhznyOqEGBnBU5MNp":{"chainKey":{"counter":1},"chainType":2,"messageKeys":{"1":"ohBOlKgSU7kBPt5TNPGW8DWJdYcew8Vs3fXutz9JXv0="}},"BZzQcUhpzFeFl5gnURrDLDbh6YbOuNtWyZw0Xjazx6I1":{"chainKey":{"counter":0,"key":"ZblKHUQC7JbbW3the/M7IVePb1OcFLX9TDIlY6WjpVA="},"chainType":2,"messageKeys":{}},"BXlBs2vSwJalEqWX+5ehypf8HhM0kGjZ8QUI0RjUaURI":{"chainKey":{"counter":-1,"key":"+gyCuqNWk61emkJKNNmydOsjQrKhsMe8udOA8A06qUA="},"chainType":1,"messageKeys":{}}}}},"version":"v1"}