{"_sessions":{"BYPYL+RSv0z5ntQdxUEcmtm9R1LLwBjRwNDaJw4o6XhA":{"registrationId":1733021904,"currentRatchet":{"ephemeralKeyPair":{"pubKey":"BSZYdum1ywTK/7d3jNoUO3cK7nyYZ/yT0ZRPXZRduWFt","privKey":"gCjVy0k8Rlej3cqxPxrkFj6RWyPTLfV9/xshhat6MXE="},"lastRemoteEphemeralKey":"BYX4MT7QYHcAzjp46Z6WLifvgrWpfTeieYAowOj+3LoG","previousCounter":0,"rootKey":"vDu+h3E/7Jn2LogNLEGr9/3uIwD5YDy/drUA1svVnaY="},"indexInfo":{"baseKey":"BYPYL+RSv0z5ntQdxUEcmtm9R1LLwBjRwNDaJw4o6XhA","baseKeyType":1,"closed":-1,"used":1760429002258,"created":1760429002258,"remoteIdentityKey":"BSegisrxHHB+RGR5wuxhs1lvM9RdSJWDJg7mkPoyXP02"},"_chains":{"BSZYdum1ywTK/7d3jNoUO3cK7nyYZ/yT0ZRPXZRduWFt":{"chainKey":{"counter":1,"key":"rXnI+pL9nhlbzsFJ9V71stidmKxa9Wq11ML8rfkUbC0="},"chainType":1,"messageKeys":{}}},"pendingPreKey":{"signedKeyId":7,"baseKey":"BYPYL+RSv0z5ntQdxUEcmtm9R1LLwBjRwNDaJw4o6XhA","preKeyId":11902799}}},"version":"v1"}