{"_sessions":{"BUS2SL5E2yaHpCNvdl9iK4Eg1fxfuHQ2tM+/mtMiX3JH":{"registrationId":1858474957,"currentRatchet":{"ephemeralKeyPair":{"pubKey":"BbfHa9ESzKY9Mv++KYjtkM3tpexgphnlJucfSQbFbjEo","privKey":"gF4k7ssWQmR6JLpsoQdUiZEvL3Iv8ZS9xzYNhNUJp0Y="},"lastRemoteEphemeralKey":"BYZwuAXJLdS+yxXKQz8GXOWSq2qhu8hQAJ8iMoKNH/Rm","previousCounter":0,"rootKey":"gSkVJ8IE+3G2ImpVNjpvQNHCzWnIx15sWpWnIdwURlQ="},"indexInfo":{"baseKey":"BUS2SL5E2yaHpCNvdl9iK4Eg1fxfuHQ2tM+/mtMiX3JH","baseKeyType":1,"closed":-1,"used":1760429000193,"created":1760429000193,"remoteIdentityKey":"BYnIZHTaE4b6+ZvNNhw+YfCf/9SAAyy5JPT/e7KO/iEh"},"_chains":{"BbfHa9ESzKY9Mv++KYjtkM3tpexgphnlJucfSQbFbjEo":{"chainKey":{"counter":1,"key":"hoSyVijSHn72Vo6vNMPa0ZVA1BDPRS1dkjb8wP31PTc="},"chainType":1,"messageKeys":{}}},"pendingPreKey":{"signedKeyId":1,"baseKey":"BUS2SL5E2yaHpCNvdl9iK4Eg1fxfuHQ2tM+/mtMiX3JH","preKeyId":12084926}}},"version":"v1"}