{"_sessions":{"BZdP2PWVQDzvQh7z0I2OAJInjHB8XW9LFzFXe4D8PMdH":{"registrationId":907751920,"currentRatchet":{"ephemeralKeyPair":{"pubKey":"BZ1D2eBCqq+KafTOkGNElnLSVH9Jho5obKuryIzL7m5y","privKey":"SGv/oGrAQdJkdEIzlEkSEWxtWqxJWPTbzM14UzRjWWk="},"lastRemoteEphemeralKey":"BQqIe3jfQYCdx/Oc8BLhqMUC9gAveGivCjZYzOMG/7tw","previousCounter":0,"rootKey":"w/JdlCXHNA86+w6NHGb3ErzBO0QvbP7jggezBi7SNeQ="},"indexInfo":{"baseKey":"BZdP2PWVQDzvQh7z0I2OAJInjHB8XW9LFzFXe4D8PMdH","baseKeyType":1,"closed":-1,"used":1760428999916,"created":1760428999916,"remoteIdentityKey":"BVB0DDbmASthtpTcFLU8aUNAgItld0MAd0dn6H1D/g0a"},"_chains":{"BZ1D2eBCqq+KafTOkGNElnLSVH9Jho5obKuryIzL7m5y":{"chainKey":{"counter":1,"key":"m6yiPSjunz0Bb6FIFemfxJBV2pL1db7pPe10PFuQ57g="},"chainType":1,"messageKeys":{}}},"pendingPreKey":{"signedKeyId":3,"baseKey":"BZdP2PWVQDzvQh7z0I2OAJInjHB8XW9LFzFXe4D8PMdH","preKeyId":14794226}}},"version":"v1"}