{"_sessions":{"BUVwfZxJ5858iOuqGL2FrHjYGeCBPCnv7MsatHm1RBFE":{"registrationId":866934209,"currentRatchet":{"ephemeralKeyPair":{"pubKey":"BdIKyqACDFmEp5yGCjmBCTmfAG5JipZ606xUc8lEnXAu","privKey":"KCUg3VFuXAQiANzxQ7Nzdw4Eewr0oifMUqD2awTV71Y="},"lastRemoteEphemeralKey":"Bb1kpsBb5bgeJD9kFefcJkvEOIESY5L3tHxP44+Ep105","previousCounter":0,"rootKey":"oUHQWK1YVLIgrFKca3kCSpUdEmdxW4S6B86MLLjvCms="},"indexInfo":{"baseKey":"BUVwfZxJ5858iOuqGL2FrHjYGeCBPCnv7MsatHm1RBFE","baseKeyType":2,"closed":-1,"used":1760439160315,"created":1760439160315,"remoteIdentityKey":"BWuWsQ2FE8KLyvFZrxoF/nBx9AjWSDwa6C/5d9f2mKY9"},"_chains":{"Bb1kpsBb5bgeJD9kFefcJkvEOIESY5L3tHxP44+Ep105":{"chainKey":{"counter":0,"key":"p95MUcgqnpwILAJRHqpb5EVxhBbitkq6wW7qsOOrTNE="},"chainType":2,"messageKeys":{}},"BdIKyqACDFmEp5yGCjmBCTmfAG5JipZ606xUc8lEnXAu":{"chainKey":{"counter":-1,"key":"eOB2mIBskD0KMwkQN2nhzHdndqLF9btJZ4JmLMcTgVM="},"chainType":1,"messageKeys":{}}}}},"version":"v1"}