{"_sessions":{"BYJP306qjZu1lSdCcQCArACdoUa8LpESpmNZ8v0XdddE":{"registrationId":465478370,"currentRatchet":{"ephemeralKeyPair":{"pubKey":"BcQgFSudiYEcCbwYJdI0J2vxNune4IinvT9yOjb6Guxe","privKey":"QLMBtcjufWSQz8pyZwhtCEJ0JZai3zEH+cc9FUGpj1U="},"lastRemoteEphemeralKey":"BcTTuvYrkghMl1Z6cbaxIYB+gjm7/o/tTTDKpSIXLAh9","previousCounter":0,"rootKey":"9FnjZkKHdG9WZ9wcz1LDg1WPN26TCFom1dFNTitRKyg="},"indexInfo":{"baseKey":"BYJP306qjZu1lSdCcQCArACdoUa8LpESpmNZ8v0XdddE","baseKeyType":1,"closed":-1,"used":1760424492079,"created":1760424492079,"remoteIdentityKey":"Bfgr7KxBslxTY32inuDYP23YYySxV0MnxJYxHqKyrQNM"},"_chains":{"BcQgFSudiYEcCbwYJdI0J2vxNune4IinvT9yOjb6Guxe":{"chainKey":{"counter":0,"key":"V/qkak5yAMxgIWHbIM/L+sfqAIrW/BsWDsC3yqqPUcE="},"chainType":1,"messageKeys":{}}},"pendingPreKey":{"signedKeyId":10,"baseKey":"BYJP306qjZu1lSdCcQCArACdoUa8LpESpmNZ8v0XdddE","preKeyId":4939842}}},"version":"v1"}