{"_sessions":{"BeBx7lqf6ycCji1Pkary8WRFueqoEmoVxhDKe7LJS2t6":{"registrationId":31361101,"currentRatchet":{"ephemeralKeyPair":{"pubKey":"BTbzU6GoY7H/Q6sNmxM/SvO9OEUAvVyzj3wvS5lQabk1","privKey":"IFH2yzZ/Bf1Woc/wW3+oPd9Wy9fLpV4wL5ri+CqY7W0="},"lastRemoteEphemeralKey":"BVgCw9UEwzf+QpyWGCq08jxtAsV5+ahBFkp5q3CzbD1j","previousCounter":0,"rootKey":"WXnsu4gBLLG8dBitnN7xgAdeY2yLt8QZZjorXOLgUaE="},"indexInfo":{"baseKey":"BeBx7lqf6ycCji1Pkary8WRFueqoEmoVxhDKe7LJS2t6","baseKeyType":1,"closed":-1,"used":1760429001649,"created":1760429001649,"remoteIdentityKey":"BbPgunIP4w5GbFMp7WtMRyXZI3Bwuqn86BnSkMHQzfoK"},"_chains":{"BTbzU6GoY7H/Q6sNmxM/SvO9OEUAvVyzj3wvS5lQabk1":{"chainKey":{"counter":1,"key":"m3slIqe5n2cixOhAVDHodiRaQfYUnP7EoiC0+lGjyGM="},"chainType":1,"messageKeys":{}}},"pendingPreKey":{"signedKeyId":3,"baseKey":"BeBx7lqf6ycCji1Pkary8WRFueqoEmoVxhDKe7LJS2t6","preKeyId":8413658}}},"version":"v1"}