{"_sessions":{"BWbiYRhU4s4dCFTlSkd++ZhR6YT7hhboNb5mPbMBdgl8":{"registrationId":1459622328,"currentRatchet":{"ephemeralKeyPair":{"pubKey":"Bfn6p64kSH5EwmAkRZCDctUP4i+vA4zAoGLnw5EsytIE","privKey":"kDBEoMn0AegHEgF5swIebHRl5OpdwKGEoxfSObaKs0Y="},"lastRemoteEphemeralKey":"BcIjx/RkyGolmK7ja4qJlFhu+AKlew9Bcn8ioJeBPAZH","previousCounter":0,"rootKey":"chMn1AGgsUuAOSN7IcxVwCqy9yu8ZDDKZ+lDxNS76FM="},"indexInfo":{"baseKey":"BWbiYRhU4s4dCFTlSkd++ZhR6YT7hhboNb5mPbMBdgl8","baseKeyType":1,"closed":-1,"used":1760429001715,"created":1760429001715,"remoteIdentityKey":"BSVSR/q9Ht/ZSHdGKewdCQl7UNwfnANqOCMzYT8SCmcp"},"_chains":{"Bfn6p64kSH5EwmAkRZCDctUP4i+vA4zAoGLnw5EsytIE":{"chainKey":{"counter":1,"key":"vci+RqjYCa/jxPiMFrByvyPpN21F1PJPGXu5yVOinWo="},"chainType":1,"messageKeys":{}}},"pendingPreKey":{"signedKeyId":2,"baseKey":"BWbiYRhU4s4dCFTlSkd++ZhR6YT7hhboNb5mPbMBdgl8","preKeyId":1302920}}},"version":"v1"}