{"_sessions":{"Bezn9zJzGfRi7eXID/J5NslNCDyVOGcIB1oUh+4lti8a":{"registrationId":1754028900,"currentRatchet":{"ephemeralKeyPair":{"pubKey":"BZpjgEjrc45HfupUknsuxI3irPilVCBvHc1JTDaVrK0c","privKey":"GFirPRkHdm45tSxVLFSRCRpV1WFrdBDvvI+V+mOmb2g="},"lastRemoteEphemeralKey":"BaXGGltyX/EcZZ7Yp9/flZ3vqV6FZlkxsogGlF72eHVe","previousCounter":0,"rootKey":"fcqqGM9PrIOVhzftFZHub9mGOG8bMoHtEMjpFcESsEw="},"indexInfo":{"baseKey":"Bezn9zJzGfRi7eXID/J5NslNCDyVOGcIB1oUh+4lti8a","baseKeyType":1,"closed":-1,"used":1760429000753,"created":1760429000753,"remoteIdentityKey":"BZGQmP35ToOA0f0jeBOnXvQEmG503dr6ihD99lQrzkgt"},"_chains":{"BZpjgEjrc45HfupUknsuxI3irPilVCBvHc1JTDaVrK0c":{"chainKey":{"counter":1,"key":"+UU5FUx+24s6xS/qltN3BSPbbfqS8mw9alvvExRwaXk="},"chainType":1,"messageKeys":{}}},"pendingPreKey":{"signedKeyId":1909680,"baseKey":"Bezn9zJzGfRi7eXID/J5NslNCDyVOGcIB1oUh+4lti8a","preKeyId":11630449}}},"version":"v1"}