{"_sessions":{"BVaoaB5Uz6ZOTiPRoKkqlKvQbsS3MvPaJcF6AhXbmQlh":{"registrationId":228482823,"currentRatchet":{"ephemeralKeyPair":{"pubKey":"BcCEzLwXTojCJSa38hfD5/P+tXxVzqQCPH7BhDbhaqp4","privKey":"+MiW1eLdfFiFhhszGSNZYfXFUyjo51Htg122nCd+alw="},"lastRemoteEphemeralKey":"BYW9OKDHY395I2RD0NrU0E0gbmAvU/jlS1wJ6dhbWqMt","previousCounter":0,"rootKey":"kgnMdiuZvd3/TM1jODeDCzUgZo3ahR7vImxBP2PM/wc="},"indexInfo":{"baseKey":"BVaoaB5Uz6ZOTiPRoKkqlKvQbsS3MvPaJcF6AhXbmQlh","baseKeyType":1,"closed":-1,"used":1760429000256,"created":1760429000256,"remoteIdentityKey":"Bc6mKdwSEZl+Z2PfLFKa+f2ekgeMCS70en+34GOKDVRZ"},"_chains":{"BcCEzLwXTojCJSa38hfD5/P+tXxVzqQCPH7BhDbhaqp4":{"chainKey":{"counter":1,"key":"coRIuu46MdE6TrNfkEn8Q7SLlcxqo/5vuYbHK8sgK70="},"chainType":1,"messageKeys":{}}},"pendingPreKey":{"signedKeyId":0,"baseKey":"BVaoaB5Uz6ZOTiPRoKkqlKvQbsS3MvPaJcF6AhXbmQlh","preKeyId":13945025}}},"version":"v1"}