{"_sessions":{"BWbLlGP9SnX43M9MkC9ggaiADvXtQJkxWvSLHuqA56dm":{"registrationId":1215923751,"currentRatchet":{"ephemeralKeyPair":{"pubKey":"BTT0QMB8anfqVH+76vXiZhTlkbIggCjZHWoSbKPC34k4","privKey":"cEBcFJYpObPeY60EeALCIBeGJbnIwt/0dEVDmUuCEl8="},"lastRemoteEphemeralKey":"BXXzqlwzySZU0JE3ilMuaV3gGuesdim5ssNa3J82H9Ej","previousCounter":0,"rootKey":"de7/UzyFcflfLVSRorK2irOD/1RCVSPZNdzJLJCjkIM="},"indexInfo":{"baseKey":"BWbLlGP9SnX43M9MkC9ggaiADvXtQJkxWvSLHuqA56dm","baseKeyType":1,"closed":-1,"used":1760429002091,"created":1760429002091,"remoteIdentityKey":"BX107qJXHs001hF4atp5SXnVLOPshXFAf9j49FECj5UX"},"_chains":{"BTT0QMB8anfqVH+76vXiZhTlkbIggCjZHWoSbKPC34k4":{"chainKey":{"counter":1,"key":"7qUvwIGeZt55PZn3624rmFrOuSoP8Z+y4mpkytF+KBc="},"chainType":1,"messageKeys":{}}},"pendingPreKey":{"signedKeyId":1,"baseKey":"BWbLlGP9SnX43M9MkC9ggaiADvXtQJkxWvSLHuqA56dm","preKeyId":6404269}}},"version":"v1"}