{"_sessions":{"Ba6Xj6W4RFDfHGB3orJ25IEgcmPgQ8CkACg5pim+V+M1":{"registrationId":1321202539,"currentRatchet":{"ephemeralKeyPair":{"pubKey":"BaQp4QowTTmhGfr9frgqwb7ehnbpQlA+5Jieut2OWPFK","privKey":"kDdDkWph9q70Br3bru/OaCOamArnAm61vuAi44LGt3I="},"lastRemoteEphemeralKey":"BeS8Fyepi5agUBDQ3p4meSacVhAtJ0A9mnXWAq86iU5b","previousCounter":0,"rootKey":"b2Cz1XlNsu1R1T8jSt11MGFp5INGCWAExm7r8KA7Zlo="},"indexInfo":{"baseKey":"Ba6Xj6W4RFDfHGB3orJ25IEgcmPgQ8CkACg5pim+V+M1","baseKeyType":1,"closed":-1,"used":1760429000957,"created":1760429000957,"remoteIdentityKey":"BVMF8ATlZ1v4Aq6p8yfFwsNmRoHtxPAxOCg9lhyqtdxI"},"_chains":{"BaQp4QowTTmhGfr9frgqwb7ehnbpQlA+5Jieut2OWPFK":{"chainKey":{"counter":1,"key":"XqeMrZsvSYi6+Ht8aT/tMgRLL9QIYXp7khVB5vWzPiE="},"chainType":1,"messageKeys":{}}},"pendingPreKey":{"signedKeyId":9,"baseKey":"Ba6Xj6W4RFDfHGB3orJ25IEgcmPgQ8CkACg5pim+V+M1","preKeyId":4498464}}},"version":"v1"}