{"_sessions":{"BSYKqVV31WJ/xli1dR9WZ0Re/B2BJVqu73/ROU+V919s":{"registrationId":1491232823,"currentRatchet":{"ephemeralKeyPair":{"pubKey":"BWBNwasbhCIs7oryV36iyCt4fPteIadq/x0ZWUaM9+Mq","privKey":"aG4R9c4VHPlivn+zXMkpaiKZ0e5iIAWNPtQWxvr5ZXk="},"lastRemoteEphemeralKey":"BR6NTB+gf4RicTc52j1/gSmbNaWYfymSIQ9EgL2HPVkg","previousCounter":0,"rootKey":"GD0GS2ED3o3saPRj02au771rtUQDiEs82Gau8Uh4WSU="},"indexInfo":{"baseKey":"BSYKqVV31WJ/xli1dR9WZ0Re/B2BJVqu73/ROU+V919s","baseKeyType":1,"closed":-1,"used":1760429001111,"created":1760429001111,"remoteIdentityKey":"BX2Lkdx9GDahAP/d2x6g/OtCL+eDlTjMQaxTFPvNfE16"},"_chains":{"BWBNwasbhCIs7oryV36iyCt4fPteIadq/x0ZWUaM9+Mq":{"chainKey":{"counter":1,"key":"GLuQ6Gp7pdD86mtnriTBUPVYoFD3fr4Mm6LHHgVJ9LI="},"chainType":1,"messageKeys":{}}},"pendingPreKey":{"signedKeyId":5,"baseKey":"BSYKqVV31WJ/xli1dR9WZ0Re/B2BJVqu73/ROU+V919s","preKeyId":10165876}}},"version":"v1"}