{"_sessions":{"BfJLV37AkLp6J8krY+4/goF4oezj6Xn4iYCDtMAaDDcf":{"registrationId":203873767,"currentRatchet":{"ephemeralKeyPair":{"pubKey":"BbbaKHXt1dVXwgZDnQLnlqVySSAzqt2PuWYu1EIFY0gm","privKey":"iDiH8X2csSpEGtn8X44cscVyQSR6Ju3UFHTUKsPg2Gk="},"lastRemoteEphemeralKey":"BaHQp7M2ZActbLjWD5+lUE3i+vKtWJeK8ti3x01S4xg4","previousCounter":0,"rootKey":"uCN1Qm0DvCrNi89FkvWrv0boW2r0d680LNerXBX1Occ="},"indexInfo":{"baseKey":"BfJLV37AkLp6J8krY+4/goF4oezj6Xn4iYCDtMAaDDcf","baseKeyType":1,"closed":-1,"used":1760429000241,"created":1760429000241,"remoteIdentityKey":"BRWdtS3xpg9GlFIuWBV3Z3785O+G3u0esy5638+zN6wq"},"_chains":{"BbbaKHXt1dVXwgZDnQLnlqVySSAzqt2PuWYu1EIFY0gm":{"chainKey":{"counter":1,"key":"e4YO+fnwsEi9Tf9olmqKwnVpm6Qq/nYPVkL9e8URe9E="},"chainType":1,"messageKeys":{}}},"pendingPreKey":{"signedKeyId":6,"baseKey":"BfJLV37AkLp6J8krY+4/goF4oezj6Xn4iYCDtMAaDDcf","preKeyId":1726706}}},"version":"v1"}