{"_sessions":{"Bf8nd/hXW1y7yXkL6MtrY4f/mOGEcxEk0CdDD5qXd5Zr":{"registrationId":1620953187,"currentRatchet":{"ephemeralKeyPair":{"pubKey":"BTxcrQM8XPWPrhQ/awPAXk5CoXyIuEfvdqr09I869XBa","privKey":"6JmX/RnQTUHnvm27J9jTtohSr/70ZHd5RgEIhEPjRH8="},"lastRemoteEphemeralKey":"BeQwdKGIQpKwGvdxK0rai9qPAGUGZ8JVYmcRoIGh2qEQ","previousCounter":0,"rootKey":"OAnJ41urbi1CfvCtUn0TTL3FaHAIQRD61vguhDyPQPk="},"indexInfo":{"baseKey":"Bf8nd/hXW1y7yXkL6MtrY4f/mOGEcxEk0CdDD5qXd5Zr","baseKeyType":1,"closed":-1,"used":1760429001033,"created":1760429001033,"remoteIdentityKey":"Bf8+Rcf5hNNM7r2W53vtQAVkMiAnhpnWys2jdMxOVaBh"},"_chains":{"BTxcrQM8XPWPrhQ/awPAXk5CoXyIuEfvdqr09I869XBa":{"chainKey":{"counter":1,"key":"8v15vEyIKrCbPkboRduvYzXP1e0r9nqJo0UAcN2bH4o="},"chainType":1,"messageKeys":{}}},"pendingPreKey":{"signedKeyId":2770421,"baseKey":"Bf8nd/hXW1y7yXkL6MtrY4f/mOGEcxEk0CdDD5qXd5Zr","preKeyId":20680}}},"version":"v1"}