{"_sessions":{"BUPafEX+cUXNOkAL5BC/no0monPSw8voPo5nB6FO0U8y":{"registrationId":474140291,"currentRatchet":{"ephemeralKeyPair":{"pubKey":"BUYbtJfZWiLe4c985i0tGehqJwp/CU0Vvv+Cy/prWoM9","privKey":"GM9BRple1e8paAAGylJ4jOE2LduScH5IJhdwNiEOSmc="},"lastRemoteEphemeralKey":"BaUERsFH5ZBctFNTDb6Gfd1Fdrplv1LqlzLyvigjG60H","previousCounter":1,"rootKey":"hlgzLOT+YFj76ivzs7CSPmYWBmYdKTZbnApzgfoCi+o="},"indexInfo":{"baseKey":"BUPafEX+cUXNOkAL5BC/no0monPSw8voPo5nB6FO0U8y","baseKeyType":1,"closed":-1,"used":1760439831063,"created":1760429002242,"remoteIdentityKey":"BRoUoaMchZHK3NHOgYbAYER8zp9iUoS7ZtEAn6dOIIt0"},"_chains":{"BaUERsFH5ZBctFNTDb6Gfd1Fdrplv1LqlzLyvigjG60H":{"chainKey":{"counter":0,"key":"FtGwv0QGAlx0kp3+JOWBvMU+HW7COHwWvrRF2glBV4I="},"chainType":2,"messageKeys":{}},"BUYbtJfZWiLe4c985i0tGehqJwp/CU0Vvv+Cy/prWoM9":{"chainKey":{"counter":-1,"key":"YeyAOZDvGuYfv0GrvqbYVqro38f/PH10fFnGUTMUoWw="},"chainType":1,"messageKeys":{}}}}},"version":"v1"}