{"_sessions":{"BXhtr5jTxtAkXr4VYXeUSHL/kFIDKw5PCutAa0HHqTBE":{"registrationId":1965968948,"currentRatchet":{"ephemeralKeyPair":{"pubKey":"BZE00T5e77KV+9la0IANDfqGOKla2YH/FARlQCmTCOQC","privKey":"eClevZM8UGwJXRv6McOfVQrC8kew5CKWWJr7pwzZs0g="},"lastRemoteEphemeralKey":"Back3Yyln9EAjAtzLRcju7cQ2/kPMC9Bbfakvx62ArBU","previousCounter":0,"rootKey":"+iFQhD3q1MKMUb3mJPfuz9dUkMAVplE1kifnR4tuUPo="},"indexInfo":{"baseKey":"BXhtr5jTxtAkXr4VYXeUSHL/kFIDKw5PCutAa0HHqTBE","baseKeyType":1,"closed":-1,"used":1760429002174,"created":1760429002174,"remoteIdentityKey":"BYPWn2eOzbIVRYKiIWPA/VFrfDivgKw6RILVe8/svlcI"},"_chains":{"BZE00T5e77KV+9la0IANDfqGOKla2YH/FARlQCmTCOQC":{"chainKey":{"counter":1,"key":"Tr3++xRabrXQy2Vv1RsU3HcOiEsbkfBulkpC5lW403s="},"chainType":1,"messageKeys":{}}},"pendingPreKey":{"signedKeyId":0,"baseKey":"BXhtr5jTxtAkXr4VYXeUSHL/kFIDKw5PCutAa0HHqTBE"}}},"version":"v1"}