{"_sessions":{"BS2eACrN/JvHgOR75INxAFozwqdIlsQIOcnbNO0CBG4y":{"registrationId":42070835,"currentRatchet":{"ephemeralKeyPair":{"pubKey":"BVwfZuOIW5sPUK1ql79wzfNoRXE74Up0bmAVbRl/skAZ","privKey":"eIlwr6q2OfajMV5oZoEe2Def1K+P7wyHnNewvrKZ4mQ="},"lastRemoteEphemeralKey":"BRbCKlS7G5CDBlAzVTJGKpSlhmIWecn2TT/5BK2NejMP","previousCounter":0,"rootKey":"4fsQsO96PsqIZBAewQtoZmZu4t+uQqauv0a8usNRCTI="},"indexInfo":{"baseKey":"BS2eACrN/JvHgOR75INxAFozwqdIlsQIOcnbNO0CBG4y","baseKeyType":2,"closed":-1,"used":1760439162709,"created":1760421601964,"remoteIdentityKey":"Bdyr0k7UBWRd9G8SiDQkNLTMsVSwGF92+qdiSjwjfk92"},"_chains":{"BQghZrpY6ZorkIBaLVz7YAB1UpQDTIEVupluO0leVUxv":{"chainKey":{"counter":3},"chainType":2,"messageKeys":{}},"Bahlfj5qOu3mF3JEQAzXI47I7HxAkoUXlGMIx496HLZc":{"chainKey":{"counter":1},"chainType":2,"messageKeys":{}},"BRbCKlS7G5CDBlAzVTJGKpSlhmIWecn2TT/5BK2NejMP":{"chainKey":{"counter":0,"key":"xYTB5Vnm3JXFVZY1MdUJzhh3EFoPgQLbl6onbER7cdM="},"chainType":2,"messageKeys":{}},"BVwfZuOIW5sPUK1ql79wzfNoRXE74Up0bmAVbRl/skAZ":{"chainKey":{"counter":-1,"key":"n4bupJaPSsPp7+ygYUj++/4eVLw36NTgkfk/pAZ4jnQ="},"chainType":1,"messageKeys":{}}}}},"version":"v1"}