{"_sessions":{"BXgJyGqV4OmaHjpwg/LumnEysbk9TeylCNYsLiTd0pBS":{"registrationId":525524872,"currentRatchet":{"ephemeralKeyPair":{"pubKey":"BaVoamPOltMjSsNNihwebJNacwJgk6Da8nHv4YcN2doL","privKey":"6Anzk3Nn99o7scJP1idI7QOOvGXrL1ivFebvpKEChXo="},"lastRemoteEphemeralKey":"BRlBjeMqunkMnD1agFodl0FEs7yJ5+R2aUuQ6anXfxEp","previousCounter":0,"rootKey":"STsZIMaLzymaOf9PI7KMp7McEmauiFlXOqCzV/6jAbc="},"indexInfo":{"baseKey":"BXgJyGqV4OmaHjpwg/LumnEysbk9TeylCNYsLiTd0pBS","baseKeyType":1,"closed":-1,"used":1760429000493,"created":1760429000493,"remoteIdentityKey":"Ba/vt+j5Yt8tI9EK65Pz2ejiO4vjLVTQ9P7NHRjiVW9T"},"_chains":{"BaVoamPOltMjSsNNihwebJNacwJgk6Da8nHv4YcN2doL":{"chainKey":{"counter":1,"key":"CwOYMxt0p5IjxbAzAmj4dKRA/nHpq9tQ+Uh2Pb+Lu9I="},"chainType":1,"messageKeys":{}}},"pendingPreKey":{"signedKeyId":1,"baseKey":"BXgJyGqV4OmaHjpwg/LumnEysbk9TeylCNYsLiTd0pBS","preKeyId":13437434}}},"version":"v1"}