{"_sessions":{"BXNiK+0AMC4MuDx7mmPvWsWx1mT0w24X6Yagry8WbmJZ":{"registrationId":364659034,"currentRatchet":{"ephemeralKeyPair":{"pubKey":"BR5PUoffK8he8jAjBCES0W++GzTXzJ1xGppLzwsdizdF","privKey":"IETa0eTGEnNUOnk7rZAcrbABwUf1Te/+w35Cu1c5iUA="},"lastRemoteEphemeralKey":"BYsBjK9ZgQ/a4ICxLUKR0WEMP7IWYAV2AslanVWLZx5L","previousCounter":0,"rootKey":"iZjzFpXvj+/Nb45jDbvO4dj01m/tO8tyrGGrsPIpzNI="},"indexInfo":{"baseKey":"BXNiK+0AMC4MuDx7mmPvWsWx1mT0w24X6Yagry8WbmJZ","baseKeyType":1,"closed":-1,"used":1760429000918,"created":1760429000918,"remoteIdentityKey":"BTH33HFdOnoU5hfpXOONdS/lPDi6zSBMnFWuyza8YcNy"},"_chains":{"BR5PUoffK8he8jAjBCES0W++GzTXzJ1xGppLzwsdizdF":{"chainKey":{"counter":1,"key":"OcRQwvYDs1jq69Z5eS9ubFskkm966aYh+LWhlYOFX34="},"chainType":1,"messageKeys":{}}},"pendingPreKey":{"signedKeyId":11,"baseKey":"BXNiK+0AMC4MuDx7mmPvWsWx1mT0w24X6Yagry8WbmJZ","preKeyId":2885348}}},"version":"v1"}