{"_sessions":{"BUkKUS79YDXPbeNqEUweT4pYXl7pE+b6Psfe5PjVmhwP":{"registrationId":1172822026,"currentRatchet":{"ephemeralKeyPair":{"pubKey":"BYb7ubvtHZuJFMqAs3h4g91PP5NQ0l6m0Pmkd0cvohIP","privKey":"+B87oJiO73rgR7ZdYGBBWnNumjbt8mRgC41WWpFW7XU="},"lastRemoteEphemeralKey":"BWeigxpVyW3HNFQltDw5nk6GmBNJNTAJA4wBUPw8TgFR","previousCounter":0,"rootKey":"unhKfGcFuO6cv+1W616ovpKBzXcvfNOx22pH7YPWGoc="},"indexInfo":{"baseKey":"BUkKUS79YDXPbeNqEUweT4pYXl7pE+b6Psfe5PjVmhwP","baseKeyType":1,"closed":-1,"used":1760429001992,"created":1760429001992,"remoteIdentityKey":"BVVO+gaTi2f3jOxTS2Eskq6SuvTNlWf13BPVgxnbOQFW"},"_chains":{"BYb7ubvtHZuJFMqAs3h4g91PP5NQ0l6m0Pmkd0cvohIP":{"chainKey":{"counter":1,"key":"ITX49UO5Uzjng1J9DTw9frVLyPuBk08sFuRUQ6+aHOk="},"chainType":1,"messageKeys":{}}},"pendingPreKey":{"signedKeyId":3,"baseKey":"BUkKUS79YDXPbeNqEUweT4pYXl7pE+b6Psfe5PjVmhwP","preKeyId":11505152}}},"version":"v1"}