{"_sessions":{"BZcl3OEei2oBzg4BMReRKfAkxYg9tSlT/ZMSAEvi9d8T":{"registrationId":1486993425,"currentRatchet":{"ephemeralKeyPair":{"pubKey":"Bc+Af70CXFJBKuW/k53IevwGKcV8ERLy3ATWgsazHaFO","privKey":"iKw70604WdF+clmdis+PMwmQ82o+5RYaganACgIhnHI="},"lastRemoteEphemeralKey":"Be1ow/bBIZJivan/kFyvsHxV1sCGXzvetLhptnzU6aA3","previousCounter":0,"rootKey":"dVEyYictCq598AWtznAYM31aTZvJ++gtGDheNH7ovYQ="},"indexInfo":{"baseKey":"BZcl3OEei2oBzg4BMReRKfAkxYg9tSlT/ZMSAEvi9d8T","baseKeyType":1,"closed":-1,"used":1760428999900,"created":1760428999900,"remoteIdentityKey":"BQC95nJHpPsSiVBqTb6TeHFBCaOUjVQ866A/7TVVl2Zd"},"_chains":{"Bc+Af70CXFJBKuW/k53IevwGKcV8ERLy3ATWgsazHaFO":{"chainKey":{"counter":1,"key":"T38hG4RjI5pkD+tGX28r+KuKbrBXEdpg8UIB8HoAtHI="},"chainType":1,"messageKeys":{}}},"pendingPreKey":{"signedKeyId":4,"baseKey":"BZcl3OEei2oBzg4BMReRKfAkxYg9tSlT/ZMSAEvi9d8T","preKeyId":12242397}}},"version":"v1"}