{"_sessions":{"BQzDseNZA+NEqWcAtENCyCEnbxK59F9tcVUwq2hIrxkA":{"registrationId":494385103,"currentRatchet":{"ephemeralKeyPair":{"pubKey":"Bb6CVDl2iHwxO/GsEE1v/ySXf0cKPc67Cet7/FSkFFoQ","privKey":"IDLYFZPWFsXF7D2kmj32GbHCv7P0DziV7KltDuwNH3E="},"lastRemoteEphemeralKey":"BZgRPcEnuSu910dHdSRZsy/9dfKkI/g4tTQ56KQiKCBb","previousCounter":0,"rootKey":"+1JZtkB07P+bqQg+f+YuwyT3sPhnbybSwDqwAXVGk0M="},"indexInfo":{"baseKey":"BQzDseNZA+NEqWcAtENCyCEnbxK59F9tcVUwq2hIrxkA","baseKeyType":1,"closed":-1,"used":1760429000879,"created":1760429000879,"remoteIdentityKey":"BWUs5o54Lt3h7ckJD1vnF3JZUnz1/O6yNLqpXAloy9dU"},"_chains":{"Bb6CVDl2iHwxO/GsEE1v/ySXf0cKPc67Cet7/FSkFFoQ":{"chainKey":{"counter":1,"key":"ysCsgSzVHu9RsQaT8tyLJI66vZeBXUVgfdxE+xAQgU8="},"chainType":1,"messageKeys":{}}},"pendingPreKey":{"signedKeyId":5,"baseKey":"BQzDseNZA+NEqWcAtENCyCEnbxK59F9tcVUwq2hIrxkA"}}},"version":"v1"}