{"_sessions":{"BRqwWNqafmnIRNAoqIU4U0f39x6QDeEmByIqqI6jerhB":{"registrationId":1064612296,"currentRatchet":{"ephemeralKeyPair":{"pubKey":"BSbcyN6reYBr2fFgNJ6f+Oe3M6RAWkVML5j5R3Iqu+I2","privKey":"WDDVVaeQomcav1dRyGqC6XlAQEk6JyyINkC3p3vvNW4="},"lastRemoteEphemeralKey":"BbRvG0thbz8cTwZ+YK6BbesJ/A2zpNFKeu4bA/NbyB95","previousCounter":0,"rootKey":"WdNsr7yjQgNKcRuDpWJX0PNTuo8NtBXEUJFkTCiJAsI="},"indexInfo":{"baseKey":"BRqwWNqafmnIRNAoqIU4U0f39x6QDeEmByIqqI6jerhB","baseKeyType":1,"closed":-1,"used":1760429001609,"created":1760429001609,"remoteIdentityKey":"BYBZ/0n6ZQTC5yZA/kCm+0LkESXFQwIilnNWyFLPruU/"},"_chains":{"BSbcyN6reYBr2fFgNJ6f+Oe3M6RAWkVML5j5R3Iqu+I2":{"chainKey":{"counter":1,"key":"16EPON3u3QCjyt3Xl9qPyy2VihL2XnguQwzlmXArFhM="},"chainType":1,"messageKeys":{}}},"pendingPreKey":{"signedKeyId":0,"baseKey":"BRqwWNqafmnIRNAoqIU4U0f39x6QDeEmByIqqI6jerhB","preKeyId":12433589}}},"version":"v1"}