{"_sessions":{"BU3+3Xv58pc7oolFt4komo0fwK4SqHgvWit+HFMiFMEh":{"registrationId":123108491,"currentRatchet":{"ephemeralKeyPair":{"pubKey":"BR0Ty0jSVy317tmNSLToftlLJ+/sokyaX91hERIiOABx","privKey":"+EZBJ+NBq+guCCHLw2Sr9CTO04bcgyBjP2eUDkYjL2M="},"lastRemoteEphemeralKey":"BWSZTUb+ArA9hUwj9HRhuMDZ2NVCdIOPaaSsrlnyg85q","previousCounter":0,"rootKey":"M87oqqzVQiY5J0o9EUeNdPZfvSL/V33sN/IQAX9tBxw="},"indexInfo":{"baseKey":"BU3+3Xv58pc7oolFt4komo0fwK4SqHgvWit+HFMiFMEh","baseKeyType":1,"closed":-1,"used":1760429000842,"created":1760429000842,"remoteIdentityKey":"BRItRvqvlvy5Y5e2gLibIj1I/1kYkbGqIjK4W85nUbEZ"},"_chains":{"BR0Ty0jSVy317tmNSLToftlLJ+/sokyaX91hERIiOABx":{"chainKey":{"counter":1,"key":"5YgaW3R0u/AhO0s6MoJQhaVdx+mGsPWK+7oS0cTvz4g="},"chainType":1,"messageKeys":{}}},"pendingPreKey":{"signedKeyId":3,"baseKey":"BU3+3Xv58pc7oolFt4komo0fwK4SqHgvWit+HFMiFMEh","preKeyId":2137761}}},"version":"v1"}