{"_sessions":{"BetsU1eYcV5paTdmSXOm7n8wuW/bWV4EGiTsdXTzDsJG":{"registrationId":1055493431,"currentRatchet":{"ephemeralKeyPair":{"pubKey":"BSTBIgf+rpSBoh7rIXmTTdRdMN5d0jcedvuYep/zyWIg","privKey":"2Ksgxc77xMDpjeLb+JAAmeAc9lpUZV+1Ad023oRHm3E="},"lastRemoteEphemeralKey":"BXSOrzXoez1Cc7d+Cafxf6NDQJNPp9ZEC3ctUHffwBBn","previousCounter":0,"rootKey":"6lUGzIkmnYarLiNnPi5dz09t1j3jZVI9jS80NXGN4Kk="},"indexInfo":{"baseKey":"BetsU1eYcV5paTdmSXOm7n8wuW/bWV4EGiTsdXTzDsJG","baseKeyType":1,"closed":-1,"used":1760429002125,"created":1760429002125,"remoteIdentityKey":"BVPbWn6f6Qowo5DA7oIoyv6RXfTW+5j80uBm8lcx7N9q"},"_chains":{"BSTBIgf+rpSBoh7rIXmTTdRdMN5d0jcedvuYep/zyWIg":{"chainKey":{"counter":1,"key":"nGBnTIuZwYzjRp9GDxh1tIPFZwOM4zbwfKKwq5edTog="},"chainType":1,"messageKeys":{}}},"pendingPreKey":{"signedKeyId":6,"baseKey":"BetsU1eYcV5paTdmSXOm7n8wuW/bWV4EGiTsdXTzDsJG","preKeyId":7982966}}},"version":"v1"}