{"_sessions":{"BfYDSKSCtotVrRg3b9LuHkZ6+hMBLrH2klRGfWJsPYor":{"registrationId":316861692,"currentRatchet":{"ephemeralKeyPair":{"pubKey":"BWhuJ3zpYer61nX/f/JPBVJpOCh0YPjOHQy3YLbJ/2tn","privKey":"kOk9lkqXEzAaXl2pfRBn+mXHH5ZVBVuDV4Stu11UHXs="},"lastRemoteEphemeralKey":"BQPVrjbP8dmrcXr40xRd/DWxVEaViwzyn6Z6fGT/AecF","previousCounter":0,"rootKey":"Xf0bZJhMV9+q3MqqYWDEt89qJA/M5G4kg3j7mzHfUeE="},"indexInfo":{"baseKey":"BfYDSKSCtotVrRg3b9LuHkZ6+hMBLrH2klRGfWJsPYor","baseKeyType":1,"closed":-1,"used":1760429000540,"created":1760429000540,"remoteIdentityKey":"BVXtUGjb3YGS1LgFs94TtEK7/K+PDX4P9x/QiZOEM/oI"},"_chains":{"BWhuJ3zpYer61nX/f/JPBVJpOCh0YPjOHQy3YLbJ/2tn":{"chainKey":{"counter":1,"key":"sfdNvAcw8XDrt81d2qn9BHVJXulkOIuS3Uu6vbCEpMs="},"chainType":1,"messageKeys":{}}},"pendingPreKey":{"signedKeyId":0,"baseKey":"BfYDSKSCtotVrRg3b9LuHkZ6+hMBLrH2klRGfWJsPYor","preKeyId":6544978}}},"version":"v1"}