{"_sessions":{"BeMzVdMvCnvtblpDmiYtxbnFf8dKNIGEVRbpT1CZja1Y":{"registrationId":1033404438,"currentRatchet":{"ephemeralKeyPair":{"pubKey":"BWns1AtucGI8+7VbM9zpbWBF4Z9AFqq7yyYb1UXTNyIn","privKey":"GLJZhZ5LWzAdvwLbXNcPvbTLt5X+fqqR9l+RvoL0UWw="},"lastRemoteEphemeralKey":"BetDr2PyP5VwucxYaR/op1btffy8lPhLVXCc54jgyuFV","previousCounter":0,"rootKey":"OAVX/+HgtHf6/TRFnb+fxmKecq7NaLo9F5ROYD8YMZI="},"indexInfo":{"baseKey":"BeMzVdMvCnvtblpDmiYtxbnFf8dKNIGEVRbpT1CZja1Y","baseKeyType":1,"closed":-1,"used":1760429000868,"created":1760429000868,"remoteIdentityKey":"BQKulmKKLpqdy+kkw0N+Wob7/uGuvC/Na2J4D92eu/Fg"},"_chains":{"BWns1AtucGI8+7VbM9zpbWBF4Z9AFqq7yyYb1UXTNyIn":{"chainKey":{"counter":1,"key":"rByAUEpEZF9OufPBijm0kLxkzBvKdN2HsPOUzTTYHiQ="},"chainType":1,"messageKeys":{}}},"pendingPreKey":{"signedKeyId":1,"baseKey":"BeMzVdMvCnvtblpDmiYtxbnFf8dKNIGEVRbpT1CZja1Y","preKeyId":11068142}}},"version":"v1"}