{"_sessions":{"BaU0pZ81BFKKxAee09fcCYPW0Tnn1c94KKbCl6EFDYQv":{"registrationId":349873977,"currentRatchet":{"ephemeralKeyPair":{"pubKey":"BS001Spf6gv72YdrK0aaCVWfsW8DVPGVTWB57J0jrNp6","privKey":"aI6MWryeIacoSKHuCSg4d3q4Gf/td6lH79zqDSfnZ1E="},"lastRemoteEphemeralKey":"BZjn6269IbRvQrD3Jw32hyUh3WSY/xKmNh3OSEPQ/JE9","previousCounter":0,"rootKey":"GIZ3PyvN98NDcWhes4IMa1HiqBIG7CK9UFIBST8znmA="},"indexInfo":{"baseKey":"BaU0pZ81BFKKxAee09fcCYPW0Tnn1c94KKbCl6EFDYQv","baseKeyType":1,"closed":-1,"used":1760429000463,"created":1760429000463,"remoteIdentityKey":"BQjF5gdL1iG4D6b/wdOwu3uo5oDD6qSi3tkejVDiPygy"},"_chains":{"BS001Spf6gv72YdrK0aaCVWfsW8DVPGVTWB57J0jrNp6":{"chainKey":{"counter":1,"key":"9IHCL08vmLW19cCFBONdGaJssb3l3w1HnWIht6oK/Hc="},"chainType":1,"messageKeys":{}}},"pendingPreKey":{"signedKeyId":12,"baseKey":"BaU0pZ81BFKKxAee09fcCYPW0Tnn1c94KKbCl6EFDYQv","preKeyId":692801}}},"version":"v1"}