{"_sessions":{"BetmmD0yBJodMSISP8LVqi83ml7W9S+qw/qlGxaval1A":{"registrationId":847767173,"currentRatchet":{"ephemeralKeyPair":{"pubKey":"BRM2MDxGmI95t9kfIqGrRQNFXA4TCN3hfcZb4mwGp99u","privKey":"6BBwiWv1AyseKW1dpGtqYWKHYiiV/V6MiGP5n3+O0GE="},"lastRemoteEphemeralKey":"BddKJlzOCROSwRb9Gln2PI9U7vpt4HxEakWQVYmoHxdv","previousCounter":0,"rootKey":"n1qi3jkWfmpWAsEgq/Cjw4egdm8IEg1pXV/JUF/zaEs="},"indexInfo":{"baseKey":"BetmmD0yBJodMSISP8LVqi83ml7W9S+qw/qlGxaval1A","baseKeyType":1,"closed":-1,"used":1760428999778,"created":1760428999778,"remoteIdentityKey":"Bc+MA3EZ4hKePbc6btCMuSEaDecbWSwiVArDh+F6btRE"},"_chains":{"BRM2MDxGmI95t9kfIqGrRQNFXA4TCN3hfcZb4mwGp99u":{"chainKey":{"counter":1,"key":"8rJ0H5nHZm5isXCMLJyoTGpw0ZnLLMHr1AGW1l00eAU="},"chainType":1,"messageKeys":{}}},"pendingPreKey":{"signedKeyId":7,"baseKey":"BetmmD0yBJodMSISP8LVqi83ml7W9S+qw/qlGxaval1A","preKeyId":4518053}}},"version":"v1"}