{"_sessions":{"BfvXltddwArkj8iUI/xqrMstZVE7HpaFz3p6+12kgCwN":{"registrationId":1389466330,"currentRatchet":{"ephemeralKeyPair":{"pubKey":"BQsD1NFPkG//0GCf52RatrVJDPlTiddyJvv+Nx4Geylh","privKey":"KDLxuajKeZioqnm+XT95udYlOjFUYhPcpu2pWuXixHA="},"lastRemoteEphemeralKey":"BbpkXvkK8eaKI8uuuTtLrgCi8dU88/v69P+XCZiD3ul6","previousCounter":0,"rootKey":"OMPdJ8dLAYtglA94KKumDBMGqU7FOzq9z6dsqXMbYgg="},"indexInfo":{"baseKey":"BfvXltddwArkj8iUI/xqrMstZVE7HpaFz3p6+12kgCwN","baseKeyType":1,"closed":-1,"used":1760429001583,"created":1760429001583,"remoteIdentityKey":"BcSTRvSQMUa8Jz2dZTlaKEEGe5kDZD6jh230vNqP0qxZ"},"_chains":{"BQsD1NFPkG//0GCf52RatrVJDPlTiddyJvv+Nx4Geylh":{"chainKey":{"counter":1,"key":"7AiYs+gG/yhTwu9W4RPyfhNV0XQ/CVu+IDPWybAjYWA="},"chainType":1,"messageKeys":{}}},"pendingPreKey":{"signedKeyId":0,"baseKey":"BfvXltddwArkj8iUI/xqrMstZVE7HpaFz3p6+12kgCwN","preKeyId":2867759}}},"version":"v1"}